Symbol,ETF Name,Total Assets,YTD,Avg Volume,Previous Closing Price,1-Day Change,1 Week,4 Week,1 year,3 year,5 year,YTD FF,1 Week FF,4 Week FF,1 Year FF,3 Year FF,5 Year FF,ETF Database Category,Inception,ER,Commission Free,Annual Dividend Rate,Dividend Date,Dividend,Annual Dividend Yield %,P/E Ratio,Beta,# of Holdings,% In Top 10,ST Cap Gain Rate,LT Cap Gain Rate,Tax Form,Lower Bollinger,Upper Bollinger,Support 1,Resistance 1,RSI,Overall Rating,Liquidity Rating,Expenses Rating,Returns Rating,Volatility Rating,Dividend Rating,Concentration Rating,ESG Score,ESG Score Peer Percentile (%),ESG Score Global Percentile (%),Carbon Intensity (Tons of CO2e / $M Sales),SRI Exclusion Criteria (%),Sustainable Impact Solutions (%)
TQQQ,ProShares UltraPro QQQ,"$36,576,600",37.16%,"71,896,888",$72.03,-1.11%,13.79%,-5.65%,63.12%,53.56%,16.93%,"-$3,075,225,775.00","-$467,755,365.00","$1,423,803,705.00","-$4,734,209,637.50","-$15,426,089,652.50","-$3,138,705,102.50",Leveraged Equities,2010-02-09,0.82%,N/A,$0.35,2026-06-24,$0.17,0.49%,0.00,3.71,116,65.50%,40%,20%,1099,$59.11,$78.47,$70.31,$73.60,51.30,A,A,N/A,A-,B,B+,A-,0.0,N/A,N/A,N/A,N/A,N/A
SOXL,Direxion Daily Semiconductor Bull 3X ETF,"$22,373,800",214.85%,"65,750,272",$132.33,0.20%,15.35%,-31.24%,451.71%,75.64%,23.66%,"-$9,708,041,850.00","$123,069,950.00","$4,440,310,450.00","-$16,756,644,200.00","-$18,425,130,900.00","-$14,573,884,850.00",Leveraged Equities,2010-03-11,0.75%,N/A,$0.01,2025-09-23,$0.01,0.01%,0.00,5.73,31,71.06%,40%,20%,1099,$93.98,$187.91,$122.05,$141.30,45.32,B,A,N/A,C+,C,B+,A-,6.92,80.63%,66.38%,53.26,0.00%,10.63%
QLD,ProShares Ultra QQQ,"$13,864,700",28.12%,"4,865,327",$90.13,-0.74%,9.01%,-3.23%,46.10%,41.12%,18.55%,"$233,846,370.00","$9,425,025.00","$133,101,245.00","$782,199,170.00","$125,239,635.00","$1,002,380,865.00",Leveraged Equities,2006-06-19,0.95%,N/A,$0.11,2026-06-24,$0.06,0.12%,0.00,2.46,111,56.36%,40%,20%,1099,$78.93,$95.21,$88.71,$91.43,52.02,A,A,N/A,B+,A-,B-,A,6.41,63.24%,44.39%,61.85,4.85%,8.25%
SSO,ProShares Ultra S&P 500,"$8,343,870",22.88%,"3,348,655",$70.88,-0.34%,7.23%,3.98%,40.29%,35.16%,18.11%,"-$677,470,710.00","$48,955,490.00","-$61,040,125.00","-$1,060,888,575.00","-$1,129,767,275.00","-$636,451,500.00",Leveraged Equities,2006-06-19,0.87%,N/A,$0.41,2026-06-24,$0.13,0.57%,0.00,2.01,510,52.59%,40%,20%,1099,$63.87,$71.22,$70.54,$71.34,60.54,A,A,N/A,B,A-,B,A,6.33,57.71%,41.84%,91.2,7.93%,7.28%
SPXL,Direxion Daily S&P 500 Bull 3X ETF,"$7,209,370",32.56%,"2,042,973",$291.20,-0.56%,10.76%,5.59%,59.48%,48.74%,21.06%,"-$388,469,150.00","-$132,857,800.00","-$215,234,700.00","-$881,557,100.00","-$1,916,285,150.00","-$1,180,476,000.00",Leveraged Equities,2008-11-05,0.84%,N/A,$1.43,2026-06-23,$0.52,0.49%,0.00,3.02,504,44.28%,40%,20%,1099,$249.65,$293.68,$289.24,$294.12,59.97,A-,A,N/A,B+,B+,B,B+,6.3,56.52%,40.73%,90.32,7.50%,6.88%
TECL,Direxion Daily Technology Bull 3X ETF,"$6,011,260",73.47%,"1,084,637",$203.42,-0.77%,16.61%,-3.12%,109.71%,62.92%,28.11%,"-$928,717,700.00","-$4,126,300.00","$57,099,600.00","-$1,056,582,900.00","-$2,312,955,850.00","-$2,096,062,150.00",Leveraged Equities,2008-12-17,0.87%,N/A,$8.35,2026-06-23,$0.21,4.10%,0.00,4.13,74,62.05%,40%,20%,1099,$156.13,$215.81,$194.26,$210.34,52.91,B+,A-,N/A,B+,B-,B,B+,6.78,77.87%,59.59%,30.86,2.11%,10.07%
UPRO,ProShares UltraPro S&P500,"$5,696,350",32.26%,"2,573,367",$152.43,-0.53%,10.80%,5.57%,58.96%,48.50%,20.64%,"-$425,955,575.00","$37,122,360.00","-$49,916,935.00","-$1,165,021,555.00","-$1,886,524,020.00","-$1,228,465,510.00",Leveraged Equities,2009-06-25,0.89%,N/A,$1.08,2026-06-24,$0.30,0.71%,0.00,3.02,509,65.08%,40%,20%,1099,$130.67,$153.71,$151.39,$153.94,60.03,A,A,N/A,B+,B+,B,A,6.21,52.96%,38.00%,91.19,5.53%,5.07%
NVDL,GraniteShares 2x Long NVDA Daily ETF,"$3,694,580",18.76%,"20,172,598",$34.84,-0.31%,25.32%,14.01%,17.21%,91.70%,N/A,"-$1,468,068,505.37","-$173,792,500.00","-$604,263,900.00","-$1,208,196,405.37","$631,417,062.02","$745,330,262.02",Leveraged Equities,2022-12-13,1.05%,N/A,$0.00,2023-12-27,$1.68,0.00%,0.00,3.70,1,100.00%,40%,20%,1099,$27.01,$35.42,$34.00,$36.03,56.83,B+,A,N/A,A-,C+,B-,N/A,0.0,N/A,N/A,N/A,N/A,N/A
TSLL,Direxion Daily TSLA Bull 2X ETF,"$3,147,660",-59.19%,"74,820,816",$7.68,-1.16%,6.52%,-41.01%,-29.24%,-18.39%,N/A,"$602,948,825.00","-$170,635,025.00","$455,765,175.00","-$3,174,879,650.00","$1,863,279,800.00","$2,590,372,750.00",Leveraged Equities,2022-08-09,0.83%,N/A,$0.98,2026-06-23,$0.10,12.81%,0.00,2.79,2,100.00%,40%,20%,1099,$4.96,$13.99,$7.49,$7.86,36.90,A-,A+,N/A,B+,C,A,N/A,5.62,28.06%,25.61%,8.97,0.00%,0.00%
BULZ,MicroSectors Solactive FANG & Innovation 3X Leveraged ETN,"$3,063,460",36.54%,"1,075,005",$35.44,-1.77%,22.08%,-7.68%,88.23%,67.12%,N/A,$0.00,$0.00,$0.00,$0.00,$0.00,"$847,001,496.75",Leveraged Equities,2021-08-17,0.95%,N/A,$0.00,N/A,N/A,0.00%,0.00,4.97,0,N/A,40%,20%,1099,$25.72,$40.48,$33.89,$36.78,50.46,B-,B+,N/A,A,C+,C,N/A,0.0,N/A,N/A,N/A,N/A,N/A
USD,ProShares Ultra Semiconductors,"$2,840,780",72.87%,"1,009,644",$90.54,-0.09%,16.72%,-3.73%,110.32%,102.55%,57.81%,"-$43,520,457.00","-$9,245,310.00","$63,685,839.00","-$55,908,343.00","$12,810,170.00","$26,261,269.00",Leveraged Equities,2007-01-30,0.95%,N/A,$0.29,2026-06-24,$0.14,0.32%,0.00,3.69,44,92.29%,40%,20%,1099,$72.57,$98.99,$87.73,$93.18,51.40,A-,A-,N/A,A,B-,B-,A-,0.0,N/A,N/A,N/A,N/A,N/A
FNGU,MicroSectors FANG+ 3 Leveraged ETNs,"$2,568,390",26.84%,"5,467,188",$32.04,0.00%,26.34%,12.74%,26.79%,N/A,N/A,$0.00,$0.00,$0.00,$0.00,"$1,017,229,806.04","$1,017,229,806.04",Leveraged Equities,2025-02-19,2.60%,N/A,$0.00,N/A,N/A,0.00%,0.00,5.83,10,100.00%,40%,20%,1099,$22.66,$32.51,$31.34,$32.71,60.20,N/A,A,N/A,N/A,B-,C,N/A,0.0,N/A,N/A,N/A,N/A,N/A
FAS,Direxion Daily Financial Bull 3X ETF,"$2,480,120",8.73%,"579,936",$181.44,-1.23%,3.99%,11.46%,22.24%,42.87%,13.27%,"-$212,797,950.00","-$17,389,000.00","-$178,853,950.00","-$338,962,750.00","-$1,697,803,150.00","-$2,224,590,550.00",Leveraged Equities,2008-11-06,0.88%,N/A,$14.01,2026-06-23,$0.53,7.72%,0.00,2.59,77,65.21%,40%,20%,1099,$160.13,$183.90,$178.32,$185.84,64.59,A-,A-,N/A,B+,B,B,A,6.16,50.99%,36.84%,21.55,8.03%,0.09%
TNA,Direxion Daily Small Cap Bull 3X ETF,"$1,454,350",59.08%,"5,955,831",$72.33,-1.59%,5.53%,-0.28%,106.89%,24.25%,-2.97%,"-$1,027,527,200.00","$17,003,700.00","$9,118,550.00","-$1,916,296,450.00","-$1,610,456,050.00","-$1,201,153,650.00",Leveraged Equities,2008-11-05,1.05%,N/A,$0.21,2026-06-23,$0.09,0.29%,0.00,3.31,2,100.00%,40%,20%,1099,$66.20,$74.18,$71.43,$73.94,53.99,A-,A,N/A,B-,B-,B+,A-,5.32,15.81%,20.59%,129.61,1.68%,2.99%
KORU,Direxion Daily MSCI South Korea Bull 3X ETF,"$1,441,820",85.13%,"27,253,000",$16.81,-8.84%,3.26%,-41.01%,307.69%,65.62%,1.38%,"-$1,197,708,319.49","-$91,826,950.00","$428,019,400.00","-$1,208,734,719.49","-$1,164,412,994.16","-$1,137,170,044.16",Leveraged Equities,2013-04-11,1.32%,N/A,$0.08,2026-03-24,$0.11,0.47%,0.00,4.51,2,100.00%,40%,20%,1099,$12.14,$25.61,$15.53,$18.07,42.46,B-,B+,N/A,A-,C+,B-,C,6.36,60.08%,42.82%,109.16,3.60%,1.49%
ROM,ProShares Ultra Technology,"$1,264,540",53.22%,"72,175",$144.45,-0.65%,11.01%,-1.23%,77.34%,49.73%,22.05%,"-$18,949,701.00",$0.00,"$8,474,716.00","-$75,675,219.00","-$278,008,641.00","-$485,602,153.25",Leveraged Equities,2007-01-30,0.95%,N/A,$0.09,2026-03-25,$0.02,0.06%,0.00,2.73,81,70.08%,40%,20%,1099,$120.61,$149.90,$140.46,$147.54,53.76,A-,B,N/A,B+,B+,B-,A,7.05,82.21%,71.68%,31.51,2.33%,11.11%
GGLL,Direxion Daily GOOGL Bull 2X ETF,"$1,053,440",15.46%,"1,587,383",$110.53,-2.57%,13.84%,-3.40%,174.13%,61.49%,N/A,"-$97,650,475.00","-$33,553,975.00","-$59,726,000.00","$129,572,100.00","$419,986,650.00","$441,055,850.00",Leveraged Equities,2022-09-07,0.96%,N/A,$4.72,2026-06-23,$0.58,4.27%,0.00,2.25,2,100.00%,40%,20%,1099,$87.52,$126.58,N/A,N/A,49.79,A,A,N/A,A,B-,A-,N/A,5.47,22.13%,23.28%,6.34,0.00%,0.02%
NUGT,Direxion Daily Gold Miners Index Bull 2X ETF,"$1,052,230",-22.98%,"651,017",$141.12,0.65%,18.79%,20.12%,59.53%,64.45%,20.40%,"$172,992,250.00","-$16,898,700.00","-$1,033,950.00","-$76,223,000.00","-$522,905,050.00","-$718,011,250.00",Leveraged Equities,2010-12-08,1.13%,N/A,$0.72,2026-06-23,$0.20,0.51%,0.00,1.25,2,100.00%,40%,20%,1099,$96.22,$134.03,$136.63,$144.22,56.36,A-,A-,N/A,A,C+,B,B+,6.2,52.17%,37.71%,213.26,0.56%,0.00%
AMDL,GraniteShares 2x Long AMD Daily ETF,"$1,013,530",245.14%,"5,932,023",$53.67,3.13%,0.28%,-25.00%,391.93%,N/A,N/A,"-$696,842,300.00","$68,335,100.00","$65,855,100.00","-$997,735,100.00","-$375,882,912.93","-$375,882,912.93",Leveraged Equities,2024-03-04,1.07%,N/A,$0.00,N/A,N/A,0.00%,0.00,8.75,1,100.00%,40%,20%,1099,$43.62,$77.49,$50.34,$56.15,47.01,B,A,N/A,C,A,C+,N/A,0.0,N/A,N/A,N/A,N/A,N/A
GDXU,MicroSectors Gold Miners 3X Leveraged ETN,"$962,981",-55.85%,"1,547,520",$107.57,0.40%,28.46%,26.57%,20.42%,47.65%,-6.83%,"$34,897,424.19",$0.00,$0.00,"$34,897,424.19","$149,953,474.08","$276,870,494.30",Leveraged Equities,2020-12-02,0.95%,N/A,$0.00,N/A,N/A,0.00%,0.00,1.93,0,0.00%,40%,20%,1099,$61.63,$100.41,$102.32,$111.38,53.68,B,A-,N/A,A+,C,C+,N/A,0.0,N/A,N/A,N/A,N/A,N/A
UDOW,ProShares UltraPro Dow30,"$958,254",31.34%,"2,152,723",$75.61,-2.50%,9.47%,6.94%,62.72%,35.76%,15.85%,"-$19,003,085.00","$13,821,780.00","-$14,629,900.00","-$120,394,732.50","-$378,145,207.50","-$570,720,997.50",Leveraged Equities,2010-02-11,0.95%,N/A,$0.66,2026-06-24,$0.21,0.87%,0.00,2.60,35,69.00%,40%,20%,1099,$65.05,$76.61,$74.56,$77.49,60.64,A,A,N/A,B,B+,B+,A-,6.68,74.70%,55.42%,19.79,11.86%,1.17%
UYG,ProShares Ultra Financials,"$858,135",7.78%,"17,592",$98.52,-0.91%,2.62%,7.72%,18.10%,31.90%,14.07%,"-$16,528,000.00","-$2,430,002.50","-$2,324,330.00","-$58,178,472.50","-$246,795,817.50","-$328,502,102.50",Leveraged Equities,2007-01-30,0.94%,N/A,$10.67,2026-06-24,$0.11,10.83%,0.00,1.75,82,68.27%,40%,20%,1099,$90.58,$99.47,$97.63,$99.95,64.86,A-,B-,N/A,B,A-,B,A,6.33,58.10%,41.93%,22.53,7.57%,0.09%
MSFU,Direxion Daily MSFT Bull 2X ETF,"$749,068",-6.53%,"8,192,859",$38.29,5.13%,22.02%,63.77%,-24.65%,10.37%,N/A,"$349,482,325.00","-$342,883,000.00","-$522,548,775.00","$528,372,450.00","$587,504,275.00","$624,498,350.00",Leveraged Equities,2022-09-07,0.98%,N/A,$3.03,2026-06-23,$0.14,7.92%,0.00,1.89,2,100.00%,40%,20%,1099,$16.94,$38.02,$37.04,$39.03,73.04,A-,B+,N/A,B,B,A,N/A,5.92,45.06%,31.47%,33.24,0.00%,0.00%
FNGO,MicroSectors FANG+ Index 2X Leveraged ETNs,"$740,642",26.93%,"6,128",$147.91,-0.62%,17.14%,9.52%,31.49%,56.42%,25.93%,$0.00,$0.00,$0.00,$0.00,$0.00,$0.00,Leveraged Equities,2018-08-01,0.95%,N/A,$0.00,N/A,N/A,0.00%,0.00,2.66,10,100.00%,40%,20%,1099,$116.37,$149.87,$147.01,$149.30,60.93,B-,B-,N/A,A,B,C,N/A,0.0,N/A,N/A,N/A,N/A,N/A
YINN,Direxion Daily FTSE China Bull 3X ETF,"$725,470",-26.53%,"2,031,363",$30.98,-0.99%,-4.59%,22.89%,-28.07%,-6.48%,-32.73%,"$73,568,700.00","-$14,570,400.00","-$13,803,800.00","-$214,151,500.00","$36,561,100.00","$1,014,950,109.02",Leveraged Equities,2009-12-03,1.34%,N/A,$0.38,2026-06-23,$0.21,1.22%,0.00,1.03,2,100.00%,40%,20%,1099,$24.37,$33.60,$30.56,$31.25,58.07,A+,A,N/A,A,B-,A-,A-,6.51,67.98%,48.47%,138.22,0.15%,3.01%
NAIL,Direxion Daily Homebuilders & Supplies Bull 3X ETF,"$624,388",-15.32%,"1,504,248",$41.85,-6.86%,8.81%,2.05%,-38.14%,-19.37%,-12.99%,"-$16,495,600.00","-$3,041,550.00","-$9,392,500.00","$240,512,150.00","$452,338,850.00","$276,267,900.00",Leveraged Equities,2015-08-19,0.96%,N/A,$0.31,2026-06-23,$0.10,0.73%,0.00,3.86,44,72.69%,40%,20%,1099,$36.65,$45.49,$40.48,$44.00,49.81,C+,A-,N/A,C,C,B+,C,6.53,69.57%,49.50%,54.09,0.00%,11.91%
NVDU,Direxion Daily NVDA Bull 2X ETF,"$605,429",19.21%,"478,152",$138.85,-0.30%,25.32%,14.06%,17.12%,N/A,N/A,"-$191,478,825.00","-$27,152,550.00","-$63,126,800.00","-$160,263,675.00","$151,131,400.00","$151,131,400.00",Leveraged Equities,2023-09-13,0.92%,N/A,$6.88,2026-06-23,$0.69,4.95%,0.00,3.80,2,100.00%,40%,20%,1099,$107.49,$141.00,$135.43,$143.43,56.89,A-,A-,N/A,A-,C+,A,N/A,5.72,39.13%,28.10%,1.61,0.00%,9.67%
LABU,Direxion Daily S&P Biotech Bull 3X ETF,"$580,822",64.57%,"543,464",$262.31,2.60%,5.43%,-19.11%,326.58%,35.74%,-26.47%,"-$484,644,000.00","$23,904,200.00","-$15,083,550.00","-$1,101,850,900.00","-$1,320,648,077.68","$381,642,122.32",Leveraged Equities,2015-05-28,0.96%,N/A,$1.01,2025-12-23,$0.91,0.39%,0.00,2.44,148,15.95%,40%,20%,1099,$222.35,$287.56,$253.96,$272.38,54.27,C+,A-,N/A,C,C,B,C+,4.49,1.58%,11.68%,33.27,0.00%,4.80%
SPYU,MAX S&P 500 4X Leveraged ETN,"$580,266",31.11%,"820,767",$35.95,-0.80%,14.31%,6.11%,56.71%,N/A,N/A,$0.00,$0.00,$0.00,$0.00,"$221,958,807.87","$221,958,807.87",Leveraged Equities,2023-12-05,2.95%,N/A,$0.00,N/A,N/A,0.00%,0.00,4.18,0,N/A,40%,20%,1099,$29.50,$36.50,$35.62,$36.43,58.90,B-,A-,N/A,B,B-,C+,N/A,0.0,N/A,N/A,N/A,N/A,N/A
DDM,ProShares Ultra Dow30,"$555,127",22.13%,"195,205",$69.05,-1.76%,6.35%,4.86%,42.28%,26.72%,14.07%,"-$61,069,770.00","$3,279,960.00","-$15,785,825.00","-$21,360,750.00","-$124,592,795.00","-$196,664,385.00",Leveraged Equities,2006-06-19,0.95%,N/A,$0.54,2026-06-24,$0.17,0.78%,0.00,1.73,36,63.32%,40%,20%,1099,$62.41,$69.65,$68.46,$70.12,60.87,A-,B+,N/A,B,A-,B+,A-,6.84,79.45%,62.31%,19.79,15.19%,1.50%
NBOS,Neuberger Option Strategy ETF,"$524,736",9.68%,"94,627",$28.50,0.00%,1.71%,1.73%,17.85%,N/A,N/A,"$47,940,600.00","$31,257,920.00","$71,336,895.00","$50,311,712.50","-$4,501,652.50","-$4,501,652.50",Leveraged Equities,2024-01-29,0.57%,N/A,$2.27,2026-07-28,$0.19,7.95%,0.00,0.43,10,100.00%,40%,20%,1099,$27.70,$28.47,N/A,N/A,64.29,B,B+,N/A,B,C+,A-,N/A,5.71,26.16%,27.09%,1.23,0.00%,0.00%
MULL,GraniteShares 2x Long MU Daily ETF,"$509,256",424.03%,"10,680,042",$18.80,-2.69%,0.43%,-29.00%,2793.61%,N/A,N/A,"$30,381,196.00","-$29,034,700.00","-$164,052,700.00","$60,160,596.00","$65,711,796.00","$65,711,796.00",Leveraged Equities,2024-11-11,1.50%,N/A,$0.01,2025-12-29,$0.35,0.07%,0.00,12.11,1,100.00%,40%,20%,1099,$14.36,$26.90,$16.77,$20.49,45.99,N/A,A-,N/A,N/A,A,C,N/A,0.0,N/A,N/A,N/A,N/A,N/A
JNUG,Direxion Daily Junior Gold Miners Index Bull 2X ETF,"$463,122",-29.27%,"318,800",$144.50,-0.18%,20.79%,18.83%,69.68%,68.66%,15.85%,"$18,420,550.00",$0.00,"$21,608,100.00","-$173,160,200.00","-$459,836,700.00","-$569,555,850.00",Leveraged Equities,2013-10-03,1.03%,N/A,$2.91,2026-06-23,$0.56,2.02%,0.00,1.64,2,100.00%,40%,20%,1099,$97.75,$138.48,$139.85,$148.13,55.06,B+,B+,N/A,A,C,B+,B+,5.57,26.09%,24.84%,212.24,0.55%,0.00%
NVDX,T-Rex 2X Long NVIDIA Daily Target ETF,"$450,645",15.30%,"8,950,034",$19.74,-0.10%,25.10%,13.64%,7.69%,N/A,N/A,"-$259,450,083.50","-$33,126,270.75","-$53,121,515.26","-$253,779,696.86","-$103,915,190.73","-$103,915,190.73",Leveraged Equities,2023-10-19,1.05%,N/A,$0.00,2024-12-24,$2.17,0.00%,0.00,4.05,3,100.00%,40%,20%,1099,$15.31,$20.10,$19.23,$20.48,56.64,A,A,N/A,A,A,A,N/A,0.0,N/A,N/A,N/A,N/A,N/A
DFEN,Direxion Daily Aerospace & Defense Bull 3X ETF,"$436,930",33.50%,"211,075",$85.21,-2.34%,15.52%,11.30%,60.41%,75.36%,37.16%,"-$15,305,100.00","-$8,738,600.00","-$9,012,100.00","-$46,774,600.00","-$87,275,250.00","-$254,097,500.00",Leveraged Equities,2017-05-03,0.96%,N/A,$5.66,2026-06-23,$0.02,6.64%,0.00,2.25,49,75.05%,40%,20%,1099,$63.40,$87.33,$82.35,$89.97,58.94,A,B+,N/A,A,B,A,N/A,5.77,40.71%,28.92%,25.96,42.94%,0.02%
CONL,GraniteShares 2x Long COIN Daily ETF,"$414,098",-73.17%,"20,334,952",$3.93,-5.53%,-22.49%,-20.12%,-87.73%,-33.34%,N/A,"$549,193,500.00","$11,428,600.00","-$83,248,500.00","$745,274,100.00","$1,709,359,000.00","$1,716,988,023.32",Leveraged Equities,2022-08-09,1.04%,N/A,$0.00,2024-02-27,$0.11,0.00%,0.00,5.98,1,100.00%,40%,20%,1099,$3.84,$5.89,$3.83,$4.13,40.81,B,A,N/A,A-,C,B-,N/A,0.0,N/A,N/A,N/A,N/A,N/A
DPST,Direxion Daily Regional Banks Bull 3X ETF,"$409,238",47.99%,"353,747",$148.09,-3.16%,2.27%,6.50%,78.93%,21.83%,-14.96%,"-$455,276,800.00","-$52,948,200.00","-$66,835,850.00","-$669,919,600.00","-$1,036,922,500.00","-$887,488,479.95",Leveraged Equities,2015-08-19,0.92%,N/A,$2.18,2026-06-23,$0.67,1.47%,0.00,2.53,160,20.69%,40%,20%,1099,$137.53,$155.91,$144.96,$153.92,55.34,B+,A-,N/A,B-,C+,A-,A-,4.84,3.56%,15.37%,5.06,0.00%,1.41%
PTIR,GraniteShares 2x Long PLTR Daily ETF,"$352,790",-42.54%,"5,462,642",$15.36,-3.09%,53.75%,35.09%,-50.72%,N/A,N/A,"$36,527,900.00","-$69,003,000.00","-$53,915,800.00","$32,503,500.00","-$29,408,935.74","-$29,408,935.74",Leveraged Equities,2024-09-03,1.04%,N/A,$1.55,2025-12-29,$1.55,10.11%,0.00,2.33,1,100.00%,40%,20%,1099,$8.07,$15.50,$14.80,$15.85,60.13,A-,A,N/A,A+,A,N/A,N/A,0.0,N/A,N/A,N/A,N/A,N/A
URTY,ProShares UltraPro Russell2000,"$351,264",58.80%,"852,397",$84.14,-1.58%,5.43%,-0.30%,106.39%,23.79%,-3.51%,"-$179,424,155.00","$7,985,780.00","$34,005.00","-$241,953,770.00","-$142,007,385.00","-$34,837,365.00",Leveraged Equities,2010-02-11,0.95%,N/A,$0.63,2026-06-24,$0.17,0.75%,0.00,3.31,1964,67.92%,40%,20%,1099,$77.02,$86.30,$83.14,$85.97,53.93,A-,A-,N/A,B-,B-,B+,A,5.44,21.34%,22.68%,145.05,1.17%,2.08%
AMZU,Direxion Daily AMZN Bull 2X ETF,"$334,495",20.89%,"3,199,566",$41.77,-0.31%,29.88%,17.30%,20.41%,23.32%,N/A,"-$116,870,125.00","-$49,442,450.00","-$77,263,300.00","-$148,787,975.00","$145,581,825.00","$174,407,950.00",Leveraged Equities,2022-09-07,0.99%,N/A,$2.02,2026-06-23,$0.17,4.83%,0.00,2.49,2,100.00%,40%,20%,1099,$27.43,$45.15,N/A,N/A,58.92,A,A,N/A,B+,B-,A,N/A,5.33,17.00%,20.77%,20.89,15.30%,0.00%
MSTU,T-Rex 2X Long MSTR Daily Target ETF,"$333,465",-77.44%,"68,958,256",$1.88,-2.59%,-2.34%,1.35%,-97.41%,N/A,N/A,"$518,402,400.00","-$19,282,800.00","-$16,460,800.00","$1,327,305,337.50","$2,367,622,637.50","$2,367,622,637.50",Leveraged Equities,2024-09-18,1.05%,N/A,$0.00,N/A,N/A,0.00%,0.00,4.42,3,100.00%,40%,20%,1099,$1.68,$2.10,$1.82,$1.94,41.07,N/A,A,N/A,N/A,A,N/A,N/A,0.0,N/A,N/A,N/A,N/A,N/A
INTW,GraniteShares 2x Long INTC Daily ETF,"$320,372",334.02%,"6,159,634",$23.41,-2.66%,17.88%,-26.78%,1077.87%,N/A,N/A,"-$12,205,300.00","-$21,573,600.00","-$42,767,700.00","$667,700.00","$43,665,200.00","$43,665,200.00",Leveraged Equities,2025-02-13,1.50%,N/A,$0.00,N/A,N/A,0.00%,0.00,14.02,1,100.00%,40%,20%,1099,$16.31,$30.45,$21.55,$25.20,45.31,N/A,A,N/A,N/A,A,C,N/A,0.0,N/A,N/A,N/A,N/A,N/A
MVLL,GraniteShares 2x Long MRVL Daily ETF,"$296,614",251.19%,"5,967,552",$25.20,-0.24%,29.83%,-31.67%,259.66%,N/A,N/A,"$196,875,296.97","-$10,655,300.00","-$5,408,500.00","$243,002,196.97","$256,582,796.97","$256,582,796.97",Leveraged Equities,2025-03-07,1.50%,N/A,$0.00,N/A,N/A,0.00%,0.00,8.37,1,100.00%,40%,20%,1099,$15.49,$33.19,$23.09,$27.33,46.01,N/A,A,N/A,N/A,A,N/A,N/A,0.0,N/A,N/A,N/A,N/A,N/A
SPUU,Direxion Daily S&P 500 Bull 2X ETF,"$280,290",23.34%,"21,166",$226.30,-0.47%,7.27%,3.98%,41.09%,35.81%,18.70%,"-$19,309,650.00",$0.00,"$10,534,450.00","$17,171,850.00","-$183,162,700.00","$32,322,950.00",Leveraged Equities,2014-05-28,0.60%,N/A,$2.88,2026-06-23,$0.31,1.27%,0.00,2.02,504,38.15%,40%,20%,1099,$204.01,$227.69,$225.48,$227.67,60.32,B,B-,N/A,B+,A-,B,B-,6.43,64.43%,45.32%,90.18,9.80%,8.99%
CWEB,Direxion Daily CSI China Internet Index Bull 2X ETF,"$255,801",-36.56%,"715,481",$25.11,-1.06%,2.24%,13.77%,-39.10%,-14.76%,-33.72%,"$108,797,650.00","$1,229,000.00","-$48,500.00","$91,823,050.00","-$22,352,400.00","$659,621,568.67",Leveraged Equities,2016-11-02,1.27%,N/A,$1.44,2026-06-23,$0.09,5.73%,0.00,0.81,2,100.00%,40%,20%,1099,$20.55,$26.24,$24.84,$25.27,58.12,A,B+,N/A,A,B,A-,N/A,5.99,47.43%,32.84%,12.21,0.00%,1.88%
UWM,ProShares Ultra Russell2000,"$243,059",40.38%,"309,136",$65.85,-1.02%,3.82%,0.08%,70.64%,22.63%,4.05%,"-$75,864,775.00","-$3,174,410.00","-$41,603,660.00","-$226,815,990.00","-$38,107,475.00","-$481,190,020.00",Leveraged Equities,2007-01-23,0.95%,N/A,$0.53,2026-06-24,$0.06,0.80%,0.00,2.21,1962,59.56%,40%,20%,1099,$61.94,$66.87,$65.30,$66.81,54.62,A-,B+,N/A,B-,B+,B+,A+,5.33,17.39%,20.86%,145.03,1.72%,3.05%
NOWL,GraniteShares 2x Long NOW Daily ETF,"$229,970",-59.50%,"22,317,788",$5.80,0.52%,13.06%,11.32%,-73.87%,N/A,N/A,"$188,059,200.00","-$25,462,600.00","-$82,969,500.00","$195,089,700.00","$197,156,600.00","$197,156,600.00",Leveraged Equities,2025-07-15,1.50%,N/A,$0.00,N/A,N/A,0.00%,0.00,9.24,1,100.00%,40%,20%,1099,$3.85,$6.07,$5.44,$5.98,56.52,N/A,N/A,N/A,N/A,N/A,C+,N/A,0.0,N/A,N/A,N/A,N/A,N/A
MQQQ,Tradr 2X Long Innovation 100 Monthly ETF,"$227,590",25.55%,"74,137",$227.82,-0.81%,9.06%,-3.40%,40.23%,N/A,N/A,"$73,427,276.00","$9,853,627.50","$762,207.50","$151,032,184.00","$177,776,971.25","$177,776,971.25",Leveraged Equities,2024-09-03,1.03%,N/A,$0.00,2024-12-23,$0.01,0.00%,0.00,2.71,3,100.00%,40%,20%,1099,$198.20,$242.26,$226.84,$229.25,51.93,B+,B,N/A,A,A-,C+,N/A,6.53,70.36%,49.70%,61.85,4.26%,7.26%
AVGX,Defiance Daily Target 2X Long AVGO ETF,"$217,438",19.47%,"976,791",$56.02,1.08%,16.83%,7.22%,33.99%,N/A,N/A,"-$17,413,244.00","-$28,737,505.00","-$83,655,051.00","$161,102,231.00","$195,548,451.50","$195,548,451.50",Leveraged Equities,2024-08-21,1.30%,N/A,$0.00,2024-12-31,$0.52,0.00%,0.00,4.01,3,100.00%,40%,20%,1099,$42.22,$55.44,$53.76,$58.08,56.47,B+,B+,N/A,A,C,B+,N/A,0.0,N/A,N/A,N/A,N/A,N/A
ERX,Direxion Daily Energy Bull 2X ETF,"$215,968",62.99%,"320,580",$90.28,2.70%,-2.79%,11.84%,81.22%,16.01%,34.77%,"-$113,585,250.00",$0.00,"-$13,751,000.00","-$131,171,600.00","-$309,635,650.00","-$1,040,899,750.00",Leveraged Equities,2008-11-06,0.91%,N/A,$1.41,2026-06-23,$0.24,1.56%,0.00,0.82,22,74.58%,40%,20%,1099,$83.04,$97.27,N/A,N/A,52.77,A-,B+,N/A,C+,B+,A,B+,6.04,49.80%,34.08%,391.54,0.00%,0.26%
GUSH,Direxion Daily S&P Oil & Gas Exp. & Prod. Bull 2X ETF,"$212,402",62.91%,"897,600",$35.47,2.07%,-9.24%,8.31%,66.05%,0.20%,18.41%,"-$141,224,800.00","-$5,906,050.00","-$10,979,600.00","-$160,626,900.00","-$476,608,000.00","-$1,358,707,550.00",Leveraged Equities,2015-05-28,0.94%,N/A,$0.48,2026-06-23,$0.08,1.35%,0.00,1.03,52,37.61%,40%,20%,1099,$33.05,$41.05,N/A,N/A,48.90,B,A-,N/A,C,B,A,B-,6.36,60.47%,42.87%,407.7,0.00%,0.66%
NBIL,GraniteShares 2x Long NBIS Daily ETF,"$210,278",122.59%,"2,439,444",$20.11,-26.50%,-1.76%,-38.46%,N/A,N/A,N/A,"$105,095,300.00","$6,058,100.00","$63,995,000.00","$173,797,600.00","$173,797,600.00","$173,797,600.00",Leveraged Equities,2025-10-07,1.50%,N/A,$0.00,N/A,N/A,0.00%,0.00,-22.10,1,100.00%,40%,20%,1099,$15.29,$34.84,$17.85,$24.47,43.56,N/A,N/A,N/A,N/A,N/A,N/A,N/A,0.0,N/A,N/A,N/A,N/A,N/A
AAPU,Direxion Daily AAPL Bull 2X ETF,"$194,434",20.11%,"2,000,852",$39.85,0.96%,-13.05%,-4.02%,85.61%,25.10%,N/A,"-$14,143,125.00","$43,837,925.00","$25,162,900.00","-$255,474,475.00","-$41,116,500.00","-$11,375,525.00",Leveraged Equities,2022-08-09,0.96%,N/A,$2.97,2026-06-23,$0.22,7.45%,0.00,1.75,2,100.00%,40%,20%,1099,$37.01,$49.07,$38.97,$40.76,48.12,B+,A,N/A,C,B,A,N/A,5.61,27.27%,25.56%,1.15,0.00%,0.04%
SMCX,Defiance Daily Target 2X Long SMCI ETF,"$184,235",-65.09%,"5,729,467",$7.96,-6.35%,10.40%,-1.85%,-90.07%,N/A,N/A,"$86,543,590.43","$14,757,278.00","$15,414,908.00","$259,371,436.43","$448,740,455.33","$448,740,455.33",Leveraged Equities,2024-08-21,1.43%,N/A,$0.00,N/A,N/A,0.00%,0.00,7.76,4,100.00%,40%,20%,1099,$5.60,$9.76,$7.65,$8.55,45.71,C+,A,N/A,C,C,C+,N/A,0.0,N/A,N/A,N/A,N/A,N/A
FBL,GraniteShares 2x Long META Daily ETF,"$180,923",-32.30%,"1,409,981",$22.01,0.36%,19.23%,-15.05%,-54.01%,5.96%,N/A,"-$122,614,500.00","$4,570,100.00","-$19,464,100.00","$219,650,600.00","$241,819,780.00","$247,660,180.00",Leveraged Equities,2022-12-13,1.09%,N/A,$0.67,2025-12-29,$0.67,3.06%,0.00,2.98,1,100.00%,40%,20%,1099,$17.87,$31.07,N/A,N/A,45.85,B,B+,N/A,A,C+,C+,N/A,0.0,N/A,N/A,N/A,N/A,N/A
IONX,Defiance Daily Target 2X Long IONQ ETF,"$177,070",-61.20%,"1,523,398",$25.26,-2.40%,20.69%,-28.24%,-71.83%,N/A,N/A,"-$14,767,169.17","$12,199,736.00","$50,268,285.00","$177,700,406.33","$255,346,871.33","$255,346,871.33",Leveraged Equities,2025-03-11,1.29%,N/A,$0.00,N/A,N/A,0.00%,0.00,13.54,3,100.00%,40%,20%,1099,$15.34,$30.68,$24.31,$27.15,42.57,N/A,A-,N/A,N/A,C,B-,N/A,5.66,31.23%,26.20%,1.23,0.00%,0.00%
CURE,Direxion Daily Healthcare Bull 3X ETF,"$176,736",10.34%,"88,563",$122.23,0.46%,1.35%,2.54%,76.72%,9.23%,1.07%,"-$22,124,950.00",$0.00,"-$6,339,200.00","-$75,463,250.00","-$90,790,800.00","-$77,726,000.00",Leveraged Equities,2011-06-15,0.94%,N/A,$1.26,2026-06-23,$0.38,1.03%,0.00,1.66,60,67.74%,40%,20%,1099,$108.33,$127.64,$118.42,$127.02,57.58,B,B+,N/A,C,B-,B+,B+,6.26,53.75%,39.25%,9.86,0.00%,5.29%
EDC,Direxion Daily MSCI Emerging Markets Bull 3X ETF,"$161,554",35.69%,"110,945",$73.27,-3.36%,6.37%,-10.40%,83.30%,35.51%,-2.08%,"-$13,130,150.00",$0.00,"$3,511,450.00","-$973,100.00","-$29,238,100.00","$2,233,250.00",Leveraged Equities,2008-12-17,1.09%,N/A,$1.07,2026-06-23,$0.40,1.46%,0.00,2.22,2,100.00%,40%,20%,1099,$63.48,$80.83,$71.46,$75.03,47.59,A,B,N/A,A-,B+,A-,A-,5.5,23.32%,23.71%,99.9,0.10%,0.15%
MVV,ProShares Ultra MidCap400,"$159,501",30.15%,"9,528",$90.47,-0.77%,3.50%,2.24%,42.02%,18.45%,7.73%,"-$13,043,477.50",$0.00,$0.00,"-$30,201,702.50","-$54,760,355.00","-$63,594,095.00",Leveraged Equities,2006-06-19,0.95%,N/A,$0.60,2026-06-24,$0.11,0.67%,0.00,2.02,402,30.88%,40%,20%,1099,$85.76,$91.27,$89.82,$91.73,55.13,B+,B-,N/A,C+,A-,B,A,5.96,46.25%,32.18%,119.98,4.87%,5.44%
XMAR,FT Vest U.S. Equity Enhance & Moderate Buffer ETF - March,"$154,483",8.14%,"18,888",$43.18,-0.05%,0.77%,0.83%,11.70%,11.05%,N/A,"-$28,657,600.00","-$3,217,575.00","-$3,217,575.00","-$37,494,025.00","-$179,898,275.00","$85,744,250.00",Leveraged Equities,2023-03-17,0.85%,N/A,$0.00,N/A,N/A,0.00%,0.00,0.23,2,100.00%,40%,20%,1099,$42.61,$43.18,$43.16,$43.22,65.91,C+,B,N/A,B,C+,N/A,N/A,0.0,N/A,N/A,N/A,N/A,N/A
OKLL,Defiance Daily Target 2x Long OKLO ETF,"$151,711",-82.83%,"13,524,800",$2.88,-4.00%,3.23%,-32.55%,-92.81%,N/A,N/A,"$328,370,426.00","-$894,280.00","$18,381,490.00","$571,686,720.00","$594,229,135.00","$594,229,135.00",Leveraged Equities,2025-06-23,1.31%,N/A,$0.00,N/A,N/A,0.00%,0.00,10.62,3,100.00%,40%,20%,1099,$2.20,$4.02,$2.74,$3.08,40.07,N/A,N/A,N/A,N/A,N/A,B-,N/A,0.0,N/A,N/A,N/A,N/A,N/A
MSTX,Defiance Daily Target 2x Long MSTR ETF,"$143,138",-77.69%,"5,833,461",$8.59,-3.05%,-2.28%,1.18%,-97.43%,N/A,N/A,"$208,941,834.93","-$12,838,010.00","-$18,638,252.00","$582,828,120.43","$2,145,054,662.93","$2,145,054,662.93",Leveraged Equities,2024-08-14,1.31%,N/A,$0.00,2024-12-31,$14.43,0.00%,0.00,4.17,4,100.00%,40%,20%,1099,$7.67,$9.63,$8.33,$8.85,41.20,A,A,N/A,A-,C,A+,N/A,0.0,N/A,N/A,N/A,N/A,N/A
XJUN,FT Vest U.S. Equity Enhance & Moderate Buffer ETF - June,"$138,581",4.91%,"23,356",$45.06,-0.07%,1.42%,1.22%,8.60%,10.33%,8.61%,"-$12,932,275.00",$0.00,"-$3,335,100.00","-$18,195,475.00","-$243,792,625.00","$57,754,000.00",Leveraged Equities,2021-07-12,0.85%,N/A,$0.00,N/A,N/A,0.00%,0.00,0.33,2,100.00%,40%,20%,1099,$44.05,$45.05,$45.02,$45.09,64.64,B-,B-,N/A,B-,A+,C,N/A,0.0,N/A,N/A,N/A,N/A,N/A
FNGG,Direxion Daily NYSE FANG+ Bull 2X ETF,"$137,424",25.62%,"7,169",$259.14,-0.17%,17.48%,9.65%,18.98%,50.50%,N/A,"-$12,958,250.00",$0.00,$0.00,"-$14,890,000.00","$23,672,350.00","$48,225,385.94",Leveraged Equities,2021-09-30,0.97%,N/A,$0.51,2025-12-23,$0.18,0.20%,0.00,2.82,11,96.93%,40%,20%,1099,$204.30,$261.64,$257.05,$261.76,61.10,B+,B-,N/A,A,B,B,N/A,5.26,14.23%,19.78%,31.97,3.88%,3.59%
DLLL,GraniteShares 2x Long DELL Daily ETF,"$128,985",726.46%,"2,537,249",$23.70,-10.46%,15.67%,-11.67%,614.70%,N/A,N/A,"-$18,847,012.50","-$1,367,900.00","-$26,057,900.00","-$9,871,712.50","-$5,966,012.50","-$5,966,012.50",Leveraged Equities,2025-02-13,1.50%,N/A,$0.00,N/A,N/A,0.00%,0.00,7.48,2,100.00%,40%,20%,1099,$17.21,$28.38,$22.13,$25.48,52.69,N/A,A-,N/A,N/A,A,C,N/A,0.0,N/A,N/A,N/A,N/A,N/A
BABX,GraniteShares 2x Long BABA Daily ETF,"$110,573",-35.04%,"956,566",$23.41,-2.82%,18.11%,27.92%,-15.21%,-1.81%,N/A,"-$9,519,400.00","-$2,560,300.00","-$17,730,000.00","$10,540,000.00","$82,704,100.00","$90,064,900.00",Leveraged Equities,2022-12-13,1.15%,N/A,$0.00,N/A,N/A,0.00%,0.00,1.49,1,100.00%,40%,20%,1099,$16.92,$24.24,$23.09,$23.64,59.80,B,A-,N/A,A,C,C+,N/A,0.0,N/A,N/A,N/A,N/A,N/A
WEBL,Direxion Daily Dow Jones Internet Bull 3X ETF,"$105,127",1.32%,"266,527",$27.67,-3.96%,18.00%,6.96%,-10.37%,32.16%,-20.15%,"-$21,724,950.00","-$1,376,000.00","-$4,132,200.00","-$50,176,000.00","-$223,026,150.00","$76,981,850.00",Leveraged Equities,2019-11-07,0.96%,N/A,$0.04,2026-06-23,$0.03,0.15%,0.00,3.62,42,67.66%,40%,20%,1099,$20.57,$29.20,$27.08,$28.23,59.06,B+,B+,N/A,A,B-,B-,N/A,5.66,32.41%,26.28%,21.04,11.21%,1.48%
BRZU,Direxion Daily MSCI Brazil Bull 2X ETF,"$102,076",19.65%,"25,159",$94.72,-1.89%,-3.86%,4.03%,64.75%,7.34%,1.40%,"-$34,817,900.00",$0.00,$0.00,"-$79,958,650.00","-$57,277,900.00","-$108,397,350.00",Leveraged Equities,2013-04-10,1.32%,N/A,$1.78,2026-06-23,$0.43,1.88%,0.00,1.23,2,100.00%,40%,20%,1099,$92.09,$99.56,$93.96,$96.25,49.67,B,B,N/A,C+,B+,A,C,5.41,19.76%,22.24%,169.25,4.60%,1.08%
MSFL,GraniteShares 2x Long MSFT Daily ETF,"$96,960",-6.32%,"1,953,536",$25.47,5.20%,21.87%,63.79%,-23.21%,N/A,N/A,"$53,658,600.00","-$36,237,700.00","-$78,874,300.00","$85,676,400.00","$101,607,576.04","$101,607,576.04",Leveraged Equities,2024-03-04,1.15%,N/A,$0.00,N/A,N/A,0.00%,0.00,2.70,1,100.00%,40%,20%,1099,$11.28,$25.30,$24.67,$25.95,72.83,A-,A-,N/A,A,A,C+,N/A,0.0,N/A,N/A,N/A,N/A,N/A
ROBN,T-Rex 2X Long HOOD Daily Target ETF,"$95,807",-57.11%,"1,227,022",$23.22,-4.64%,9.17%,-40.80%,-63.63%,N/A,N/A,"-$2,535,087.00","$2,054,100.00","-$19,286,148.00","-$82,882,580.00","-$27,881,859.00","-$27,881,859.00",Leveraged Equities,2025-01-31,1.05%,N/A,$0.00,N/A,N/A,0.00%,0.00,6.71,3,100.00%,40%,20%,1099,$17.55,$39.98,$22.73,$23.96,43.50,N/A,A,N/A,N/A,A,C,N/A,0.0,N/A,N/A,N/A,N/A,N/A
CHAU,Direxion Daily CSI 300 China A Share Bull 2X ETF,"$94,247",6.39%,"137,455",$22.15,1.14%,2.31%,-7.17%,40.40%,6.47%,-8.56%,"-$49,333,850.00","$2,139,300.00","$880,450.00","-$114,212,000.00","$176,551,100.00","$179,026,600.00",Leveraged Equities,2015-04-16,1.19%,N/A,$0.45,2026-06-23,$0.12,2.05%,0.00,0.68,2,100.00%,40%,20%,1099,$20.61,$23.39,$22.07,$22.23,48.15,A,B+,N/A,A-,A-,A-,B,5.32,16.60%,20.67%,282.61,1.78%,2.80%
HIBL,Direxion Daily S&P 500 High Beta Bull 3X ETF,"$88,893",56.84%,"59,236",$103.00,-6.00%,11.71%,-10.97%,123.78%,41.39%,11.00%,"-$17,593,000.00",$0.00,"-$218,100.00","-$31,426,150.00","-$87,191,850.00","-$142,562,750.00",Leveraged Equities,2019-11-07,0.98%,N/A,$1.41,2025-12-10,$1.41,1.37%,0.00,4.35,101,34.19%,40%,20%,1099,$84.74,$116.91,$100.40,$106.95,49.07,B-,B,N/A,A-,C+,B-,N/A,6.26,54.15%,39.33%,127.31,2.90%,3.22%
RXL,ProShares Ultra Health Care,"$86,442",9.17%,"12,119",$56.18,0.04%,0.62%,2.09%,51.19%,9.92%,2.45%,"-$7,031,573.00","$590,674.00","$2,191,260.00","-$2,264,801.00","-$14,342,265.00","-$98,356,430.00",Leveraged Equities,2007-01-30,0.95%,N/A,$0.71,2026-06-24,$0.18,1.26%,0.00,1.12,61,68.57%,40%,20%,1099,$51.77,$57.85,$55.36,$57.09,57.82,B+,C+,N/A,C,A-,A-,A,6.44,64.82%,45.57%,10.23,0.00%,5.98%
BIB,ProShares Ultra Nasdaq Biotechnology,"$82,508",28.73%,"10,184",$102.70,0.79%,2.37%,-5.34%,105.43%,27.14%,-0.49%,"-$20,094,596.00",$0.00,"-$2,961,951.00","-$16,356,381.00","-$56,718,989.50","-$143,773,689.50",Leveraged Equities,2010-04-07,0.95%,N/A,$0.32,2026-03-25,$0.01,0.31%,0.00,1.20,251,66.48%,40%,20%,1099,$95.76,$103.34,$101.29,$104.55,58.13,B,C+,N/A,C+,B,A-,A,5.43,20.95%,22.53%,26.36,0.00%,17.55%
XDSQ,Innovator US Equity Accelerated ETF,"$77,427",6.25%,"12,325",$44.22,-0.18%,3.22%,2.34%,15.10%,15.28%,9.77%,"$4,656,567.50","$5,529,237.50","$6,570,577.50","$4,815,547.50","$6,517,382.50","$37,158,632.50",Leveraged Equities,2021-03-31,0.79%,N/A,$0.00,N/A,N/A,0.00%,0.00,0.82,3,100.00%,40%,20%,1099,$42.17,$44.25,$44.16,$44.31,63.98,B-,B-,N/A,B-,A,C,N/A,6.5,72.97%,47.94%,91.35,11.51%,10.56%
MIDU,Direxion Daily Mid Cap Bull 3X ETF,"$77,125",43.52%,"21,763",$72.61,-1.08%,5.22%,3.11%,60.02%,20.64%,4.23%,"-$22,182,050.00","$3,672,150.00","$118,000.00","-$28,951,100.00","-$21,512,100.00","-$38,665,400.00",Leveraged Equities,2009-01-08,0.98%,N/A,$0.36,2026-06-23,$0.11,0.50%,0.00,3.04,401,12.13%,40%,20%,1099,$67.11,$73.60,$71.81,$74.20,54.87,B,B,N/A,C+,B,B+,B+,5.86,42.29%,30.41%,117.92,3.68%,4.12%
APPX,Tradr 2X Long APP Daily ETF,"$76,143",-85.70%,"733,689",$15.20,-39.22%,-35.23%,-62.41%,-67.65%,N/A,N/A,"$61,456,575.25","$10,302,849.00","$21,176,357.00","-$25,413,146.02","$37,131,645.98","$37,131,645.98",Leveraged Equities,2025-04-24,1.36%,N/A,$0.00,N/A,N/A,0.00%,0.00,7.39,2,100.00%,40%,20%,1099,$16.72,$34.86,$14.31,$16.59,33.03,N/A,A,N/A,N/A,N/A,N/A,N/A,0.0,N/A,N/A,N/A,N/A,N/A
XBJL,Innovator U.S. Equity Accelerated 9 Buffer ETF - July,"$75,302",6.29%,"4,148",$40.66,-0.17%,1.71%,1.42%,11.31%,11.95%,9.33%,"-$56,965,192.50",$0.00,$0.00,"-$73,862,030.00","-$35,073,302.50","$28,819,447.50",Leveraged Equities,2021-06-30,0.79%,N/A,$0.00,N/A,N/A,0.00%,0.00,0.48,3,100.00%,40%,20%,1099,$39.51,$40.69,$40.62,$40.75,63.86,B-,B-,N/A,B-,A,C,N/A,0.0,N/A,N/A,N/A,N/A,N/A
RSEE,Rareview Systematic Equity ETF,"$74,307",N/A,N/A,N/A,0.00%,N/A,N/A,N/A,N/A,N/A,"$5,896,700.00","$378,300.00","$1,560,000.00","$4,297,800.00","$15,332,800.00","$48,395,000.00",Leveraged Equities,2022-01-21,2.71%,N/A,N/A,N/A,N/A,N/A,N/A,N/A,7,100.00%,40%,20%,1099,N/A,N/A,N/A,N/A,"",N/A,N/A,N/A,N/A,N/A,N/A,N/A,6.52,57.89%,49.00%,116.84,7.23%,7.21%
DIG,ProShares Ultra Energy,"$73,745",62.62%,"41,922",$58.29,3.10%,-2.98%,11.71%,80.95%,15.78%,33.71%,"-$29,455,460.00","-$2,954,630.00","-$111,435.00","-$38,435,615.00","-$83,961,115.00","-$326,013,805.75",Leveraged Equities,2007-01-30,0.95%,N/A,$0.89,2026-06-24,$0.20,1.52%,0.00,0.82,23,78.40%,40%,20%,1099,$53.55,$62.84,N/A,N/A,52.66,A-,B,N/A,C+,B+,A,A-,6.17,51.38%,36.94%,404.88,0.00%,0.23%
XOCT,FT Vest U.S. Equity Enhance & Moderate Buffer ETF - October,"$72,922",5.91%,"30,161",$39.97,0.00%,0.63%,0.86%,10.48%,N/A,N/A,"-$21,970,650.00",$0.00,"$2,974,550.00","-$53,295,325.00","$53,296,000.00","$53,296,000.00",Leveraged Equities,2023-10-20,0.85%,N/A,$0.00,N/A,N/A,0.00%,0.00,0.34,2,100.00%,40%,20%,1099,$39.47,$39.97,$39.97,$39.98,66.96,C+,B,N/A,B-,C+,C,N/A,0.0,N/A,N/A,N/A,N/A,N/A
IONL,GraniteShares 2x Long IONQ Daily ETF,"$72,315",-58.48%,"911,412",$13.68,-1.72%,21.38%,-27.00%,-67.71%,N/A,N/A,"$44,349,200.00","$5,960,000.00","$23,353,100.00","$112,392,500.00","$130,009,000.00","$130,009,000.00",Leveraged Equities,2025-03-25,1.50%,N/A,$0.00,N/A,N/A,0.00%,0.00,13.55,1,100.00%,40%,20%,1099,$8.28,$16.49,$13.17,$14.70,42.86,N/A,A-,N/A,N/A,A,N/A,N/A,0.0,N/A,N/A,N/A,N/A,N/A
GDXW,Roundhill Gold Miners WeeklyPay ETF,"$68,898",-8.61%,"49,287",$39.22,0.08%,11.04%,12.46%,N/A,N/A,N/A,"$78,202,232.00","-$699,286.00","-$337,775.00","$106,528,417.94","$106,528,417.94","$106,528,417.94",Leveraged Equities,2025-10-30,0.99%,N/A,$20.08,2026-08-03,$0.39,51.20%,0.00,-4.24,3,100.00%,40%,20%,1099,$31.13,$38.05,$38.58,$39.68,57.28,N/A,N/A,N/A,N/A,N/A,N/A,N/A,5.72,35.57%,27.28%,1.23,0.00%,0.00%
SEMY,GraniteShares YieldBOOST Semiconductor ETF,"$68,649",32.90%,"241,892",$14.05,0.57%,0.87%,-0.53%,N/A,N/A,N/A,"$82,770,900.00","-$5,585,700.00","-$12,908,100.00","$100,555,800.00","$100,555,800.00","$100,555,800.00",Leveraged Equities,2025-11-18,1.07%,N/A,$15.73,2026-07-31,$0.18,111.92%,0.00,-1.76,4,100.00%,40%,20%,1099,$13.69,$14.21,$13.94,$14.12,51.70,N/A,N/A,N/A,N/A,N/A,N/A,N/A,0.0,N/A,N/A,N/A,N/A,N/A
TSLR,GraniteShares 2x Long TSLA Daily ETF,"$66,732",-58.68%,"1,764,348",$13.23,-1.05%,6.87%,-40.91%,-28.10%,N/A,N/A,"-$168,640,100.00","-$2,882,400.00","$12,582,100.00","-$216,363,800.00","$65,595,700.00","$65,595,700.00",Leveraged Equities,2023-08-22,0.95%,N/A,$0.00,N/A,N/A,0.00%,0.00,3.51,1,100.00%,40%,20%,1099,$8.55,$24.03,$12.92,$13.52,37.09,A-,A,N/A,A,A,C+,N/A,0.0,N/A,N/A,N/A,N/A,N/A
HIMZ,Defiance Daily Target 2X Long HIMS ETF,"$65,248",-61.88%,"625,791",$30.90,-12.74%,17.54%,-38.67%,-89.15%,N/A,N/A,"-$14,011,471.56","-$133,893.00","-$18,167,175.00","$159,246,552.44","$198,327,229.94","$198,327,229.94",Leveraged Equities,2025-03-12,1.29%,N/A,$0.00,N/A,N/A,0.00%,0.00,4.16,3,100.00%,40%,20%,1099,$22.16,$54.83,$29.58,$33.29,44.63,N/A,A,N/A,N/A,C,B-,N/A,0.0,N/A,N/A,N/A,N/A,N/A
TECS,Direxion Daily Technology Bear 3X ETF,"$63,715",-60.09%,"853,468",$62.87,1.13%,-16.17%,-4.74%,-70.63%,-61.29%,-54.45%,"$53,250,069.29","$6,352,450.00","$1,602,869.29","$72,240,719.29","$155,963,624.44","$355,677,205.54",Leveraged Equities,2008-12-17,1.01%,N/A,$0.10,2026-06-23,$0.51,0.16%,0.00,-3.66,1,100.00%,40%,20%,1099,$59.94,$85.54,$60.72,$65.56,43.35,B,A-,N/A,C,B-,A,B,5.45,42.25%,22.92%,1.23,0.00%,0.00%
TSMU,GraniteShares 2x Long TSM Daily ETF,"$63,118",54.24%,"93,303",$67.61,1.24%,6.60%,-11.23%,140.98%,N/A,N/A,"$20,708,800.00","$28,400.00","$15,551,400.00","$23,998,700.00","$36,060,500.00","$36,060,500.00",Leveraged Equities,2024-11-11,1.50%,N/A,$0.00,N/A,N/A,0.00%,0.00,3.58,1,100.00%,40%,20%,1099,$57.29,$75.09,$64.98,$69.74,48.70,N/A,A-,N/A,N/A,A,C,N/A,0.0,N/A,N/A,N/A,N/A,N/A
DUSL,Direxion Daily Industrials Bull 3X ETF,"$62,734",51.46%,"17,055",$102.04,-2.21%,10.83%,5.05%,58.81%,46.42%,23.07%,"$9,747,650.00",$0.00,$0.00,"$6,100,150.00","-$1,681,850.00","-$44,525,500.00",Leveraged Equities,2017-05-03,0.97%,N/A,$7.61,2026-06-23,$0.09,7.46%,0.00,2.98,84,42.68%,40%,20%,1099,$89.19,$104.55,$100.17,$105.10,55.83,A-,B-,N/A,B+,B+,A,N/A,6.44,65.22%,45.76%,74.74,18.16%,1.57%
TSYY,GraniteShares YieldBOOST TSLA ETF,"$61,359",-25.00%,"71,774",$20.36,0.10%,0.34%,-11.41%,-17.07%,N/A,N/A,"-$126,361,283.24","-$609,000.00","-$3,944,500.00","$259,689,716.76","$377,696,316.76","$377,696,316.76",Leveraged Equities,2024-12-18,1.15%,N/A,$0.99,2026-06-12,$0.22,4.84%,0.00,1.54,4,100.00%,40%,20%,1099,$19.20,$22.97,$20.29,$20.41,34.47,N/A,A,N/A,N/A,A-,A,N/A,0.0,N/A,N/A,N/A,N/A,N/A
OILU,MicroSectors Oil & Gas Exp. & Prod. 3x Leveraged ETN,"$59,349",81.07%,"191,519",$41.70,5.44%,-3.67%,17.56%,99.71%,-0.99%,N/A,$0.00,$0.00,$0.00,$0.00,$0.00,"$53,972,384.36",Leveraged Equities,2021-11-08,0.95%,N/A,$0.00,N/A,N/A,0.00%,0.00,1.24,2,100.00%,40%,20%,1099,$36.63,$46.54,N/A,N/A,51.76,N/A,N/A,A+,N/A,N/A,N/A,N/A,0.0,N/A,N/A,N/A,N/A,N/A
OILU,MicroSectors Oil & Gas Exp. & Prod. 3x Leveraged ETN,"$59,349",81.07%,"191,519",$41.70,5.44%,-3.67%,17.56%,99.71%,-0.99%,N/A,$0.00,$0.00,$0.00,$0.00,$0.00,"$53,972,384.36",Leveraged Equities,2021-11-08,0.95%,N/A,$0.00,N/A,N/A,0.00%,0.00,1.24,2,100.00%,40%,20%,1099,$36.63,$46.54,N/A,N/A,51.76,N/A,N/A,A+,N/A,N/A,N/A,N/A,0.0,N/A,N/A,N/A,N/A,N/A
INDL,Direxion Daily MSCI India Bull 2X ETF,"$58,145",-18.52%,"18,156",$46.10,-0.82%,1.61%,3.62%,-15.36%,0.23%,-1.83%,"$7,566,600.00",$0.00,"-$2,194,400.00","$1,664,700.00","-$4,913,200.00","-$28,451,050.00",Leveraged Equities,2010-03-11,1.23%,N/A,$0.64,2026-06-23,$0.12,1.38%,0.00,0.92,2,100.00%,40%,20%,1099,$41.91,$47.08,$45.96,$46.39,55.78,B+,B,N/A,C,A-,A,B+,5.35,18.18%,21.15%,614.26,3.15%,2.57%
RDTL,GraniteShares 2x Long RDDT Daily ETF,"$58,108",-72.57%,"696,277",$13.77,-5.43%,-34.08%,-49.66%,-74.38%,N/A,N/A,"$37,181,500.00","$24,151,500.00","$37,406,900.00","$65,005,100.00","$79,920,000.00","$79,920,000.00",Leveraged Equities,2025-03-25,1.50%,N/A,$0.00,N/A,N/A,0.00%,0.00,3.69,1,100.00%,40%,20%,1099,$11.55,$29.62,$13.32,$14.41,39.42,N/A,A,N/A,N/A,A,N/A,N/A,0.0,N/A,N/A,N/A,N/A,N/A
XNOV,FT Vest U.S. Equity Enhance & Moderate Buffer ETF - November,"$57,068",5.80%,"14,731",$40.07,0.00%,0.70%,0.84%,11.40%,N/A,N/A,"$29,692,775.00",$0.00,"$992,850.00","$28,788,325.00","$50,040,375.00","$50,040,375.00",Leveraged Equities,2023-11-17,0.85%,N/A,$0.00,N/A,N/A,0.00%,0.00,0.32,2,100.00%,40%,20%,1099,$39.57,$40.04,$40.06,$40.07,67.09,C+,C+,N/A,B-,C+,C,N/A,0.0,N/A,N/A,N/A,N/A,N/A
NRGU,MicroSectors U.S. Big Oil 3 Leveraged ETN,"$56,153",124.29%,"103,286",$39.25,5.09%,-10.29%,18.69%,133.08%,N/A,N/A,$0.00,$0.00,$0.00,$0.00,"$23,033,244.99","$23,033,244.99",Leveraged Equities,2025-02-19,2.60%,N/A,$0.00,N/A,N/A,0.00%,0.00,-1.83,9,89.90%,40%,20%,1099,$34.58,$46.73,N/A,N/A,51.31,N/A,B,N/A,N/A,C+,C+,N/A,0.0,N/A,N/A,N/A,N/A,N/A
VRTL,GraniteShares 2x Long VRT Daily ETF,"$54,308",92.30%,"266,997",$31.86,-2.39%,44.28%,-33.49%,116.43%,N/A,N/A,"$14,379,219.05","-$1,116,000.00","$15,728,800.00","$27,275,819.05","$37,510,519.05","$37,510,519.05",Leveraged Equities,2025-03-25,1.50%,N/A,$0.00,N/A,N/A,0.00%,0.00,4.57,1,100.00%,40%,20%,1099,$21.89,$49.61,$30.19,$33.96,43.58,N/A,A-,N/A,N/A,A,N/A,N/A,0.0,N/A,N/A,N/A,N/A,N/A
NFLU,T-Rex 2X Long NFLX Daily Target ETF,"$54,119",-47.26%,"231,797",$17.11,-1.33%,1.06%,-6.40%,-69.58%,N/A,N/A,"$22,306,815.25","-$1,353,910.17","$2,493,230.44","$49,239,804.92","$78,528,930.03","$78,528,930.03",Leveraged Equities,2024-09-27,1.05%,N/A,$0.00,N/A,N/A,0.00%,0.00,0.64,2,100.00%,40%,20%,1099,$14.22,$18.52,$16.72,$17.63,44.87,N/A,A-,N/A,N/A,A,C,N/A,0.0,N/A,N/A,N/A,N/A,N/A
EURL,Direxion Daily FTSE Europe Bull 3X ETF,"$53,310",24.66%,"21,883",$50.75,-0.14%,2.44%,10.95%,55.27%,35.80%,7.44%,"$9,606,300.00","-$2,439,600.00","-$2,439,600.00","-$3,073,400.00","-$3,496,100.00","-$18,377,400.00",Leveraged Equities,2014-01-22,1.04%,N/A,$0.74,2026-06-23,$0.39,1.45%,0.00,2.49,2,100.00%,40%,20%,1099,$43.11,$51.09,$50.36,$51.27,60.38,A-,B,N/A,B+,B+,A-,N/A,6.84,79.84%,62.77%,69.35,6.00%,2.76%
GOOX,T-Rex 2X Long Alphabet Daily Target ETF,"$52,553",13.51%,"94,769",$79.21,-2.08%,13.29%,-2.59%,166.57%,N/A,N/A,"-$4,154,641.35","-$3,670,021.92","-$2,860,827.88","-$3,628,873.49","$15,507,105.17","$15,507,105.17",Leveraged Equities,2024-01-11,1.05%,N/A,$0.00,2024-12-24,$5.30,0.00%,0.00,2.88,2,100.00%,40%,20%,1099,$63.09,$90.55,N/A,N/A,49.91,A,A-,N/A,A,A,A,N/A,0.0,N/A,N/A,N/A,N/A,N/A
QCML,GraniteShares 2x Long QCOM Daily ETF,"$50,246",-32.37%,"2,013,614",$14.40,3.97%,10.84%,-31.47%,-11.94%,N/A,N/A,"$88,664,300.00","-$1,703,200.00","-$19,628,500.00","$97,674,700.00","$103,322,000.00","$103,322,000.00",Leveraged Equities,2025-02-13,1.50%,N/A,$0.00,N/A,N/A,0.00%,0.00,6.19,1,100.00%,40%,20%,1099,$11.60,$20.44,$13.71,$14.85,41.50,N/A,A-,N/A,N/A,A,C,N/A,0.0,N/A,N/A,N/A,N/A,N/A
CRWL,GraniteShares 2x Long CRWD Daily ETF,"$49,919",132.51%,"174,409",$71.63,-2.49%,24.13%,4.78%,121.48%,N/A,N/A,"-$26,192,200.00",$0.00,"-$3,437,100.00","-$34,702,900.00","-$10,102,400.00","-$10,102,400.00",Leveraged Equities,2024-11-11,1.50%,N/A,$0.00,N/A,N/A,0.00%,0.00,4.68,1,100.00%,40%,20%,1099,$50.40,$78.18,$68.78,$73.05,59.65,N/A,A-,N/A,N/A,A,C,N/A,0.0,N/A,N/A,N/A,N/A,N/A
BNKU,MicroSectors U.S. Big Banks 3 Leveraged ETN,"$47,278",33.31%,"11,914",$45.18,-4.74%,4.35%,3.39%,97.03%,N/A,N/A,$0.00,$0.00,$0.00,"$12,368,495.51","$12,368,495.51","$12,368,495.51",Leveraged Equities,2025-02-19,2.60%,N/A,$0.00,N/A,N/A,0.00%,0.00,2.67,9,90.20%,40%,20%,1099,$42.08,$47.37,$44.21,$47.07,55.65,N/A,B,N/A,N/A,B-,C+,N/A,0.0,N/A,N/A,N/A,N/A,N/A
MSOX,AdvisorShares MSOS Daily Leveraged ETF,"$44,772",-47.77%,"2,323,522",$2.34,13.59%,4.00%,-9.30%,-50.53%,-65.74%,N/A,"$29,308,115.00",$0.00,"$2,503,400.00","$67,541,570.00","$196,371,829.85","$217,188,089.85",Leveraged Equities,2022-08-24,0.97%,N/A,$0.00,N/A,N/A,0.00%,0.00,2.48,4,100.00%,40%,20%,1099,$2.00,$2.80,$2.13,$2.47,45.35,C,A-,N/A,C,C,C+,N/A,0.0,N/A,N/A,N/A,N/A,N/A
AMZZ,GraniteShares 2x Long AMZN Daily ETF,"$44,735",23.18%,"176,975",$38.77,-0.46%,29.74%,17.65%,24.57%,N/A,N/A,"-$18,824,700.00","-$4,264,600.00","-$7,426,600.00","-$32,545,800.00","$29,602,976.10","$29,602,976.10",Leveraged Equities,2024-03-04,1.15%,N/A,$0.00,N/A,N/A,0.00%,0.00,3.44,1,100.00%,40%,20%,1099,$25.38,$41.88,N/A,N/A,59.04,A-,A,N/A,A,A,C+,N/A,0.0,N/A,N/A,N/A,N/A,N/A
XJUL,FT Vest U.S. Equity Enhance & Moderate Buffer ETF - July,"$44,545",5.96%,"16,788",$41.42,-0.02%,1.28%,1.57%,10.23%,10.62%,N/A,"-$8,030,775.00","$2,071,350.00","$2,071,350.00","-$9,000,150.00","$2,436,800.00","$27,822,775.00",Leveraged Equities,2023-07-21,0.85%,N/A,$0.00,N/A,N/A,0.00%,0.00,0.34,2,100.00%,40%,20%,1099,$40.43,$41.42,N/A,N/A,71.30,C+,B+,N/A,B,C+,N/A,N/A,0.0,N/A,N/A,N/A,N/A,N/A
MRAL,GraniteShares 2x Long MARA Daily ETF,"$42,962",-18.93%,"113,525",$37.21,-9.88%,-19.32%,-40.28%,-80.38%,N/A,N/A,"-$669,605.86","$1,379,400.00","$1,040,300.00","$91,171,894.14","$154,336,994.14","$154,336,994.14",Leveraged Equities,2025-03-07,1.50%,N/A,$0.00,N/A,N/A,0.00%,0.00,8.03,1,100.00%,40%,20%,1099,$36.02,$59.05,$35.84,$39.73,41.10,N/A,A,N/A,N/A,A,N/A,N/A,0.0,N/A,N/A,N/A,N/A,N/A
XJAN,FT Vest U.S. Equity Enhance & Moderate Buffer ETF - January,"$41,844",5.64%,"4,255",$38.91,-0.03%,0.88%,0.92%,10.04%,N/A,N/A,"$826,950.00",$0.00,$0.00,"-$4,247,375.00","$28,479,225.00","$28,479,225.00",Leveraged Equities,2024-01-19,0.85%,N/A,$0.00,N/A,N/A,0.00%,0.00,0.34,2,100.00%,40%,20%,1099,$38.29,$38.91,$38.89,$38.94,65.11,C+,C+,N/A,B-,C+,C,N/A,0.0,N/A,N/A,N/A,N/A,N/A
UYM,ProShares Ultra Materials,"$40,552",26.60%,"8,258",$30.92,-2.18%,1.53%,6.74%,34.10%,9.59%,6.53%,"-$1,069,360.00",$0.00,$0.00,"-$3,416,224.00","-$16,789,867.50","-$49,816,330.00",Leveraged Equities,2007-01-30,0.95%,N/A,$0.34,2026-06-24,$0.06,1.12%,0.00,1.87,27,68.35%,40%,20%,1099,$28.21,$31.50,$30.70,$31.29,53.49,B+,B-,N/A,C+,A-,B+,A-,7.15,85.38%,75.56%,554.58,3.56%,2.31%
SMCL,GraniteShares 2x Long SMCI Daily ETF,"$39,196",-63.45%,"781,069",$11.02,-6.21%,10.24%,-1.47%,-88.93%,N/A,N/A,"$38,897,056.96","-$499,500.00","$2,868,700.00","$66,822,856.96","$151,437,456.96","$151,437,456.96",Leveraged Equities,2024-12-12,1.50%,N/A,$0.00,N/A,N/A,0.00%,0.00,8.22,1,100.00%,40%,20%,1099,$7.72,$13.49,$10.60,$11.82,45.91,N/A,A,N/A,N/A,A,C,N/A,0.0,N/A,N/A,N/A,N/A,N/A
UTSL,Direxion Daily Utilities Bull 3X ETF,"$38,115",-1.95%,"115,325",$39.41,-1.70%,-8.52%,-12.01%,-4.51%,21.89%,5.43%,"-$12,000,100.00","$2,006,050.00","-$2,735,800.00","$2,485,800.00","-$22,509,100.00","-$22,128,800.00",Leveraged Equities,2017-05-03,0.97%,N/A,$0.70,2026-06-23,$0.13,1.79%,0.00,1.70,32,68.64%,40%,20%,1099,$39.92,$49.30,$38.20,$41.15,37.43,B+,B,N/A,B-,B+,A-,N/A,6.76,77.08%,58.97%,1646.76,38.53%,6.00%
EET,ProShares Ultra MSCI Emerging Markets,"$36,259",30.25%,"13,416",$104.21,-2.60%,2.13%,-6.17%,61.33%,28.90%,3.30%,"-$233,315.00",$0.00,"-$1,895,027.00","-$1,133,953.00","$1,063,006.50","-$19,318,098.50",Leveraged Equities,2009-06-02,0.95%,N/A,$1.60,2026-06-24,$0.41,1.54%,0.00,1.49,2,100.00%,40%,20%,1099,$95.10,$110.72,$103.97,$104.61,48.36,A-,B-,N/A,B+,A,A-,B-,0.0,N/A,N/A,N/A,N/A,N/A
NVYY,GraniteShares YieldBOOST NVDA ETF,"$35,186",0.50%,"76,089",$12.26,0.16%,1.82%,0.02%,-1.07%,N/A,N/A,"-$19,940,200.00",$0.00,"-$757,200.00","$44,172,400.00","$98,738,000.00","$98,738,000.00",Leveraged Equities,2025-05-12,1.15%,N/A,$14.43,2026-07-31,$0.11,117.69%,0.00,0.92,4,100.00%,40%,20%,1099,$12.02,$12.46,$12.22,$12.29,50.61,N/A,A-,N/A,N/A,N/A,A,N/A,0.0,N/A,N/A,N/A,N/A,N/A
AVGU,GraniteShares 2x Long AVGO Daily ETF,"$34,742",21.46%,"137,709",$41.85,1.55%,16.97%,7.20%,41.12%,N/A,N/A,"$20,299,200.00","-$1,961,000.00","-$5,480,000.00","$45,512,500.00","$45,784,200.00","$45,784,200.00",Leveraged Equities,2025-07-15,1.50%,N/A,$0.00,N/A,N/A,0.00%,0.00,7.11,1,100.00%,40%,20%,1099,$31.51,$41.44,$40.49,$43.16,56.49,N/A,N/A,N/A,N/A,N/A,C+,N/A,0.0,N/A,N/A,N/A,N/A,N/A
UMDD,ProShares UltraPro MidCap400,"$33,968",43.48%,"7,209",$36.59,-0.97%,5.54%,2.95%,60.59%,20.42%,3.91%,"-$5,008,598.00",$0.00,"-$351,229.00","-$7,763,810.00","-$13,470,030.00","-$19,552,462.00",Leveraged Equities,2010-02-11,0.95%,N/A,$0.24,2026-06-24,$0.04,0.65%,0.00,3.04,401,45.96%,40%,20%,1099,$33.79,$37.02,$36.29,$37.19,54.98,B,C+,N/A,C+,B,B+,A,5.96,46.64%,32.36%,119.98,3.48%,3.89%
UXI,ProShares Ultra Industrials,"$33,155",35.15%,"4,475",$62.59,-1.99%,6.98%,3.51%,40.77%,33.92%,13.88%,"-$3,585,290.00",$0.00,$0.00,"-$2,133,616.00","-$9,677,384.00","-$15,198,230.50",Leveraged Equities,2007-01-30,0.95%,N/A,$0.30,2026-06-24,$0.03,0.48%,0.00,2.03,84,61.88%,40%,20%,1099,$57.22,$63.78,$62.21,$63.34,55.87,B+,C+,N/A,B,A-,B,A,6.76,76.68%,58.75%,76.29,19.48%,1.68%
XFEB,FT Vest U.S. Equity Enhance & Moderate Buffer ETF - February,"$31,253",6.02%,"1,691",$37.87,0.00%,0.85%,1.00%,10.36%,N/A,N/A,"-$13,640,750.00",$0.00,$0.00,"-$20,597,350.00","$21,979,825.00","$21,979,825.00",Leveraged Equities,2024-02-16,0.85%,N/A,$0.00,N/A,N/A,0.00%,0.00,0.36,2,100.00%,40%,20%,1099,$37.26,$37.87,$37.84,$37.88,65.20,C+,C+,N/A,B,C+,C,N/A,0.0,N/A,N/A,N/A,N/A,N/A
MSFX,T-Rex 2X Long Microsoft Daily Target ETF,"$30,844",-7.46%,"321,681",$25.31,4.46%,22.09%,63.71%,-30.71%,N/A,N/A,"$15,201,217.72","-$12,153,528.89","-$14,658,885.09","$22,151,465.67","$27,880,277.94","$27,880,277.94",Leveraged Equities,2024-01-11,1.05%,N/A,$0.00,N/A,N/A,0.00%,0.00,2.70,2,100.00%,40%,20%,1099,$11.24,$25.10,$24.46,$25.78,74.20,B+,B+,N/A,A,A,C,N/A,0.0,N/A,N/A,N/A,N/A,N/A
SAA,ProShares Ultra SmallCap600,"$30,567",45.63%,"5,438",$37.46,-1.58%,3.11%,2.97%,68.23%,18.19%,5.31%,"-$863,804.00",$0.00,$0.00,"-$13,128,267.00","-$13,378,614.00","-$13,701,313.00",Leveraged Equities,2007-01-23,0.95%,N/A,$0.28,2026-06-24,$0.03,0.75%,0.00,2.03,602,32.38%,40%,20%,1099,$35.26,$38.12,$37.29,$37.79,56.23,B,C+,N/A,C+,B+,B+,A,5.61,26.88%,25.51%,111.16,2.51%,5.44%
RETL,Direxion Daily Retail Bull 3X ETF,"$29,898",4.32%,"641,723",$9.56,-4.88%,-2.65%,8.51%,10.05%,7.62%,-25.53%,"-$9,438,350.00","-$437,950.00","-$4,254,750.00","-$17,159,200.00","-$51,258,300.00","$5,776,450.00",Leveraged Equities,2010-07-14,0.96%,N/A,$0.05,2026-06-23,$0.03,0.52%,0.00,3.47,76,26.80%,40%,20%,1099,$8.58,$10.48,$9.43,$9.77,52.85,B+,B+,N/A,B+,C+,B,A-,5.92,44.66%,31.36%,17.54,1.68%,1.86%
SPCU,Defiance Daily Target 2X Long SpaceX ETF,"$29,893",N/A,N/A,$8.44,12.68%,0.36%,-47.18%,N/A,N/A,N/A,"$76,186,321.00","$3,586,272.00","$11,877,855.00","$76,186,321.00","$76,186,321.00","$76,186,321.00",Leveraged Equities,2026-06-12,1.31%,N/A,$0.00,N/A,N/A,0.00%,0.00,-14.04,4,102.46%,40%,20%,1099,$5.98,$14.16,$7.49,$8.96,31.95,N/A,N/A,N/A,N/A,N/A,N/A,N/A,0.0,N/A,N/A,N/A,N/A,N/A
TEMT,Tradr 2X Long TEM Daily ETF,"$29,823",-57.61%,"322,313",$14.56,-2.61%,7.93%,-46.65%,-69.55%,N/A,N/A,"$18,960,391.62",$0.00,"$23,210.50","$5,583,888.62","$57,681,684.62","$57,681,684.62",Leveraged Equities,2025-05-12,1.31%,N/A,$0.00,N/A,N/A,0.00%,0.00,4.85,2,100.00%,40%,20%,1099,$8.48,$25.28,$13.91,$15.09,42.83,N/A,A,N/A,N/A,N/A,C+,N/A,0.0,N/A,N/A,N/A,N/A,N/A
XAPR,FT Vest U.S. Equity Enhance & Moderate Buffer ETF - April,"$29,667",4.95%,"5,086",$38.25,-0.08%,1.02%,1.01%,8.15%,N/A,N/A,"-$26,575,425.00",$0.00,"-$1,895,100.00","-$23,857,425.00","$23,067,625.00","$23,067,625.00",Leveraged Equities,2024-04-19,0.85%,N/A,$0.00,N/A,N/A,0.00%,0.00,0.10,2,100.00%,40%,20%,1099,$37.56,$38.27,$38.24,$38.26,63.71,B-,B+,N/A,B+,C+,C+,N/A,0.0,N/A,N/A,N/A,N/A,N/A
EFO,ProShares Ultra MSCI EAFE,"$29,062",23.38%,"5,909",$78.21,0.88%,3.28%,7.26%,44.01%,27.02%,9.27%,"$1,203,630.00","-$1,504,078.00","-$784,170.00","$1,304,641.00","$8,963,544.00","$7,833,156.00",Leveraged Equities,2009-06-04,0.95%,N/A,$1.18,2026-06-24,$0.29,1.51%,0.00,1.57,2,100.00%,40%,20%,1099,$69.62,$77.78,$77.83,$78.61,61.49,B+,B-,N/A,B,A,A-,B-,0.0,N/A,N/A,N/A,N/A,N/A
QUBX,Tradr 2X Long QUBT Daily ETF,"$27,815",-62.46%,"551,309",$8.21,-2.15%,19.16%,-14.21%,-91.43%,N/A,N/A,"$21,075,547.50","$624,510.00","$486,900.00","$136,878,563.66","$153,368,441.66","$153,368,441.66",Leveraged Equities,2025-06-23,1.30%,N/A,$0.00,N/A,N/A,0.00%,0.00,8.43,2,100.00%,40%,20%,1099,$5.69,$8.91,$7.77,$8.58,47.17,N/A,N/A,N/A,N/A,N/A,C+,N/A,0.0,N/A,N/A,N/A,N/A,N/A
MVPL,Miller Value Partners Leverage ETF,"$26,851",22.74%,680,$44.59,-0.73%,7.26%,4.00%,34.71%,N/A,N/A,"$1,181,500.00",$0.00,"$829,048.00","$1,476,219.00","$17,262,549.90","$17,262,549.90",Leveraged Equities,2024-02-28,1.72%,N/A,$0.00,2024-12-27,$2.07,0.00%,0.00,1.76,2,100.00%,40%,20%,1099,$40.14,$44.88,$44.55,$44.66,60.26,A-,B-,N/A,A,A-,A-,N/A,6.43,37.07%,45.32%,90.18,9.78%,8.97%
UBOT,"Direxion Daily Robotics, Artificial Intelligence & Automation Index Bull 2X ETF","$26,547",-5.02%,"20,892",$24.17,-2.46%,11.38%,0.12%,6.57%,6.81%,-10.06%,"-$5,500,800.00",$0.00,$0.00,"-$6,633,650.00","-$16,517,000.28","-$2,208,600.28",Leveraged Equities,2018-04-19,1.32%,N/A,$0.19,2026-06-23,$0.07,0.77%,0.00,2.90,2,100.00%,40%,20%,1099,$19.51,$25.07,$23.96,$24.49,51.64,B-,B,N/A,B-,B,B,N/A,6.21,52.57%,37.92%,14.25,1.14%,6.22%
XTOC,Innovator U.S. Equity Accelerated Plus ETF - October,"$23,897",9.78%,"6,998",$36.75,-0.08%,1.04%,1.14%,15.11%,14.79%,N/A,"$3,410,522.50","-$1,838,235.00","-$2,749,092.50","$7,506,877.50","-$1,546,362.50","$14,579,150.95",Leveraged Equities,2021-10-01,0.79%,N/A,$0.00,N/A,N/A,0.00%,0.00,0.76,2,100.00%,40%,20%,1099,$36.03,$36.78,$36.72,$36.80,62.85,B-,C+,N/A,B-,A,C,N/A,0.0,N/A,N/A,N/A,N/A,N/A
XAUG,FT Vest U.S. Equity Enhance & Moderate Buffer ETF - August,"$23,640",5.26%,"12,795",$39.40,0.00%,0.23%,0.55%,9.28%,N/A,N/A,"-$6,965,050.00",$0.00,"-$980,925.00","-$6,091,275.00","$13,227,100.00","$13,227,100.00",Leveraged Equities,2023-08-18,0.85%,N/A,$0.00,N/A,N/A,0.00%,0.00,0.31,2,100.00%,40%,20%,1099,$39.14,$39.42,$39.37,$39.44,68.60,C+,B,N/A,B,C+,C+,N/A,0.0,N/A,N/A,N/A,N/A,N/A
XTAP,Innovator U.S. Equity Accelerated Plus ETF,"$23,089",13.57%,675,$46.21,0.00%,1.46%,1.47%,19.14%,17.54%,10.92%,"-$1,986,335.00",$0.00,$0.00,"-$7,902,775.00","$2,846,192.50","$6,459,692.50",Leveraged Equities,2021-03-31,0.79%,N/A,$0.00,N/A,N/A,0.00%,0.00,0.75,3,100.00%,40%,20%,1099,$45.06,$46.18,N/A,N/A,65.98,B-,C+,N/A,B,A,C,N/A,6.5,72.97%,47.94%,91.35,11.63%,10.67%
TWOX,iShares Large Cap Accelerated Outcome ETF,"$22,700",6.09%,"6,234",$29.86,-0.17%,3.23%,2.35%,15.07%,N/A,N/A,"-$2,026,083.60",$0.00,$0.00,"$7,044,430.52","$9,887,764.16","$9,887,764.16",Leveraged Equities,2025-01-15,0.50%,N/A,$0.00,N/A,N/A,0.00%,0.00,0.73,2,100.00%,40%,20%,1099,$28.44,$29.91,$29.85,$29.88,64.29,N/A,C,N/A,N/A,B-,C,N/A,6.47,60.47%,46.80%,91.15,10.59%,9.72%
SPAL,GraniteShares 2x Long SpaceX Daily ETF,"$22,515",N/A,N/A,$10.63,12.13%,0.47%,-46.73%,N/A,N/A,N/A,"$47,869,800.00","$2,080,500.00","$7,261,400.00","$47,869,800.00","$47,869,800.00","$47,869,800.00",Leveraged Equities,2026-06-15,1.50%,N/A,N/A,N/A,N/A,N/A,0.00,-13.88,1,100.00%,40%,20%,1099,$7.58,$17.70,$9.44,$11.28,31.76,N/A,N/A,N/A,N/A,N/A,N/A,N/A,0.0,N/A,N/A,N/A,N/A,N/A
PILL,Direxion Daily Pharmaceutical & Medical Bull 3X ETF,"$22,470",68.78%,"73,245",$20.72,1.77%,1.32%,-1.10%,274.08%,32.08%,-1.15%,"-$3,690,100.00",$0.00,"-$850,700.00","-$3,881,650.00","-$3,811,550.00","$3,760,800.00",Leveraged Equities,2017-11-15,0.98%,N/A,$0.07,2026-06-23,$0.02,0.33%,0.00,1.72,65,26.20%,40%,20%,1099,$17.92,$20.56,N/A,N/A,61.41,C+,B,N/A,C+,B-,B+,C,5.02,5.93%,16.93%,55.6,0.00%,9.20%
UPSX,Tradr 2X Long UPST Daily ETF,"$22,432",-68.46%,"80,800",$15.61,-3.04%,20.38%,-21.93%,-89.63%,N/A,N/A,"-$4,343,707.50","-$295,264.50","-$432,456.00","$110,564,065.14","$119,545,438.64","$119,545,438.64",Leveraged Equities,2025-06-09,1.30%,N/A,$0.00,N/A,N/A,0.00%,0.00,4.20,2,100.00%,40%,20%,1099,$11.22,$19.71,$14.80,$16.64,46.90,N/A,N/A,N/A,N/A,N/A,C+,N/A,0.0,N/A,N/A,N/A,N/A,N/A
UXOC,FT Vest U.S. Equity Uncapped Accelerator ETF - October,"$22,233",13.50%,"2,156",$40.36,-0.39%,4.26%,2.53%,23.15%,N/A,N/A,"-$26,684,150.00",$0.00,$0.00,"-$17,755,100.00","$12,928,150.00","$12,928,150.00",Leveraged Equities,2024-10-18,0.85%,N/A,$0.00,N/A,N/A,0.00%,0.00,1.12,2,100.00%,40%,20%,1099,$37.89,$40.54,$40.31,$40.38,60.66,N/A,B,N/A,N/A,B+,C,N/A,0.0,N/A,N/A,N/A,N/A,N/A
QTOC,Innovator Growth Accelerated Plus ETF - October,"$22,164",12.72%,"6,658",$38.54,0.08%,1.99%,1.40%,18.30%,19.03%,N/A,"$3,939,552.50",$0.00,"-$929,812.50","-$3,436,680.00","-$520,997.50","$13,913,390.68",Leveraged Equities,2021-09-30,0.79%,N/A,$0.00,N/A,N/A,0.00%,0.00,0.94,2,100.00%,40%,20%,1099,$37.29,$38.61,$38.51,$38.55,60.75,B-,B-,N/A,B,A,C,N/A,0.0,N/A,N/A,N/A,N/A,N/A
WANT,Direxion Daily Consumer Discretionary Bull 3X ETF,"$21,643",-14.53%,"31,884",$42.71,-1.11%,14.81%,0.87%,-2.61%,9.92%,-8.81%,"$801,800.00","$1,848,500.00","$3,532,500.00","-$1,813,050.00","-$32,188,500.00","-$2,369,850.00",Leveraged Equities,2018-11-29,1.00%,N/A,$0.22,2026-06-23,$0.10,0.52%,0.00,3.68,48,80.36%,40%,20%,1099,$33.92,$45.86,$42.24,$43.23,53.76,B,B-,N/A,A-,B-,B,N/A,5.67,32.81%,26.35%,55.57,17.30%,0.43%
SMHB,ETRACS 2xMonthly Pay Leveraged US Small Cap High Dividend ETN Series B,"$21,331",1.56%,"21,939",$3.96,-1.98%,-0.73%,-2.68%,-6.80%,-17.41%,-19.78%,$0.00,$0.00,$0.00,$0.00,"-$2,248,500.00","$8,633,050.00",Leveraged Equities,2018-11-08,1.65%,N/A,$0.00,2020-07-13,$0.07,0.00%,0.00,2.04,0,N/A,40%,20%,1099,$3.96,$4.29,$3.89,$4.06,46.39,C+,B,N/A,C,B,C+,N/A,0.0,N/A,N/A,N/A,N/A,N/A
XTJA,Innovator U.S. Equity Accelerated Plus ETF - January,"$20,831",9.80%,"3,227",$34.72,-0.06%,1.49%,1.50%,15.96%,14.67%,N/A,"$1,703,047.50",$0.00,$0.00,"-$2,175,650.00","-$4,045,822.50","$12,726,827.79",Leveraged Equities,2022-01-01,0.79%,N/A,$0.00,N/A,N/A,0.00%,0.00,0.82,2,100.00%,40%,20%,1099,$33.83,$34.74,$34.71,$34.73,64.03,B-,C+,N/A,B-,A,C,N/A,0.0,N/A,N/A,N/A,N/A,N/A
QTJA,Innovator Growth Accelerated Plus ETF - January,"$20,825",11.64%,"3,284",$33.28,-0.03%,2.37%,1.07%,19.03%,17.58%,N/A,"-$1,187,760.00",$0.00,$0.00,"-$91,787.50","-$27,865,877.50","$8,021,119.54",Leveraged Equities,2022-01-03,0.79%,N/A,$0.00,N/A,N/A,0.00%,0.00,0.96,2,100.00%,40%,20%,1099,$32.07,$33.44,N/A,N/A,58.35,B-,B-,N/A,B,A,C,N/A,0.0,N/A,N/A,N/A,N/A,N/A
TPOR,Direxion Daily Transportation Bull 3X ETF,"$20,738",36.64%,"22,569",$40.85,-1.64%,4.40%,-7.47%,63.29%,8.07%,3.09%,"-$142,700.00","$2,016,300.00","$2,016,300.00","-$2,867,200.00","-$17,204,800.00","-$92,423,100.00",Leveraged Equities,2017-05-03,0.99%,N/A,$0.23,2026-06-23,$0.05,0.55%,0.00,3.64,44,77.40%,40%,20%,1099,$38.86,$46.72,$40.48,$41.54,48.61,C+,B-,N/A,C,C+,A-,N/A,6.54,71.15%,50.06%,279.71,0.00%,0.00%
UBRL,GraniteShares 2x Long UBER Daily ETF,"$20,551",-34.17%,"206,095",$13.97,6.48%,-0.33%,-11.59%,-48.78%,N/A,N/A,"$1,408,600.00","$2,429,200.00","$2,505,700.00","$11,618,500.00","$26,355,000.00","$26,355,000.00",Leveraged Equities,2024-09-03,1.15%,N/A,$2.22,2025-12-29,$2.22,15.86%,0.00,1.30,1,100.00%,40%,20%,1099,$12.57,$16.25,$13.36,$14.43,46.68,B+,A-,N/A,A,A,N/A,N/A,0.0,N/A,N/A,N/A,N/A,N/A
MEXX,Direxion Daily MSCI Mexico Bull 3X ETF,"$19,701",19.11%,"18,444",$29.51,0.03%,-1.64%,8.21%,74.21%,1.84%,12.90%,"-$2,537,400.00",$0.00,$0.00,"-$7,837,900.00","$2,425,850.00","-$17,776,519.57",Leveraged Equities,2017-05-03,1.23%,N/A,$0.41,2026-06-23,$0.23,1.40%,0.00,2.40,2,100.00%,40%,20%,1099,$27.13,$30.63,$29.01,$30.37,51.06,A-,B,N/A,A-,B,A,N/A,5.56,25.69%,24.81%,193.53,0.00%,3.02%
KPDD,KraneShares 2x Long PDD Daily ETF,"$19,464",-44.69%,"336,623",$6.36,-0.31%,7.51%,10.40%,-68.69%,N/A,N/A,"$19,340,737.65","-$3,328,027.71","-$5,568,959.76","$32,135,562.25","$37,267,512.78","$37,267,512.78",Leveraged Equities,2025-03-11,1.26%,N/A,$0.00,N/A,N/A,0.00%,0.00,0.33,3,100.00%,40%,20%,1099,$5.15,$6.44,$6.23,$6.43,57.03,N/A,A-,N/A,N/A,A,N/A,N/A,0.0,N/A,N/A,N/A,N/A,N/A
XMAY,FT Vest U.S. Equity Enhance & Moderate Buffer ETF - May,"$19,233",5.04%,"3,619",$36.63,-0.08%,1.33%,1.19%,8.90%,N/A,N/A,"-$2,615,775.00",$0.00,$0.00,"-$4,341,625.00","$14,950,350.00","$14,950,350.00",Leveraged Equities,2024-05-17,0.85%,N/A,$0.00,N/A,N/A,0.00%,0.00,0.23,2,100.00%,40%,20%,1099,$35.83,$36.65,$36.63,$36.63,63.26,C+,C+,N/A,B,C+,C+,N/A,0.0,N/A,N/A,N/A,N/A,N/A
COYY,GraniteShares YieldBOOST COIN ETF,"$18,681",-33.61%,"28,304",$16.71,-1.07%,-5.01%,-3.95%,-55.16%,N/A,N/A,"-$5,400,412.15",$0.00,"$169,700.00","$152,771,187.85","$163,245,587.85","$163,245,587.85",Leveraged Equities,2025-07-28,1.07%,N/A,$3.34,2026-07-31,$0.25,19.96%,0.00,-1.59,4,100.00%,40%,20%,1099,$16.78,$18.08,$16.65,$16.81,37.37,N/A,N/A,N/A,N/A,N/A,A,N/A,0.0,N/A,N/A,N/A,N/A,N/A
RIOX,Defiance Daily Target 2X Long RIOT ETF,"$17,938",40.19%,"197,373",$29.65,-3.42%,-9.88%,-14.77%,-30.59%,N/A,N/A,"-$10,445,275.64","$10,164.00","$673,408.00","-$22,577,837.64","$4,906,860.36","$4,906,860.36",Leveraged Equities,2025-01-02,0.95%,N/A,$0.00,N/A,N/A,0.00%,0.00,10.78,3,100.00%,40%,20%,1099,$23.34,$39.46,$27.35,$32.62,43.67,N/A,A-,N/A,N/A,C,B-,N/A,0.0,N/A,N/A,N/A,N/A,N/A
QQQP,Tradr 2X Long Innovation 100 Quarterly ETF,"$17,130",24.46%,"1,978",$218.05,-1.05%,9.70%,-2.82%,41.76%,N/A,N/A,"-$1,530,057.50","-$2,012,705.00","-$2,012,705.00","$72,082.00","$8,001,551.16","$8,001,551.16",Leveraged Equities,2024-09-30,1.00%,N/A,$0.00,N/A,N/A,0.00%,0.00,2.60,3,100.00%,40%,20%,1099,$188.84,$230.34,$217.69,$218.50,52.34,N/A,B,N/A,N/A,A-,N/A,N/A,0.0,N/A,N/A,N/A,N/A,N/A
AAPB,GraniteShares 2x Long AAPL Daily ETF,"$16,900",20.69%,"73,548",$38.70,0.60%,-13.16%,-4.16%,88.14%,22.67%,N/A,"-$14,815,300.00","$61,300.00","-$952,100.00","-$35,507,900.00","-$12,504,600.00","-$9,486,373.86",Leveraged Equities,2022-08-09,1.15%,N/A,$1.41,2025-12-29,$1.41,3.64%,0.00,1.90,1,100.00%,40%,20%,1099,$36.01,$47.68,$37.89,$39.61,48.04,B-,B+,N/A,C+,B,B-,N/A,0.0,N/A,N/A,N/A,N/A,N/A
XTJL,Innovator U.S. Equity Accelerated Plus ETF - July,"$16,828",8.24%,"8,214",$42.08,-0.12%,2.58%,2.09%,14.80%,15.21%,9.86%,"-$3,143,680.00","$3,155,332.50","$3,155,332.50","$3,417,255.00","-$3,155,130.00","$4,619,120.00",Leveraged Equities,2021-06-30,0.79%,N/A,$0.00,N/A,N/A,0.00%,0.00,0.73,3,100.00%,40%,20%,1099,$40.40,$42.10,$42.04,$42.15,64.41,B-,C+,N/A,B,A,C,N/A,0.0,N/A,N/A,N/A,N/A,N/A
UPW,ProShares Ultra Utilities,"$16,499",0.17%,"15,758",$21.61,-1.59%,-6.29%,-8.40%,-0.74%,18.04%,7.58%,"$1,771,834.00","$224,542.00","-$16,608.00","$661,468.00","$133,611.00","-$7,875,797.50",Leveraged Equities,2007-01-30,0.95%,N/A,$0.27,2026-06-24,$0.10,1.26%,0.00,1.15,32,66.72%,40%,20%,1099,$21.88,$25.29,$21.45,$21.87,37.23,B+,C+,N/A,B-,A-,A-,A-,7.28,88.14%,79.84%,1772.65,47.42%,7.38%
GMEU,T-REX 2X Long GME Daily Target ETF,"$14,944",-31.80%,"292,228",$5.94,2.41%,-24.91%,-26.76%,-55.87%,N/A,N/A,"$3,348,284.00","-$908,834.00","-$3,740,640.00","$3,998,176.00","$42,937,181.00","$42,937,181.00",Leveraged Equities,2025-04-24,1.50%,N/A,$0.00,N/A,N/A,0.00%,0.00,0.48,2,100.00%,40%,20%,1099,$5.86,$9.21,$5.67,$6.13,33.00,N/A,A,N/A,N/A,N/A,N/A,N/A,0.0,N/A,N/A,N/A,N/A,N/A
TARK,AXS 2X Innovation ETF Fund,"$14,456",-14.99%,"16,288",$41.27,-1.20%,7.22%,-15.07%,-32.87%,3.17%,N/A,"-$8,863,621.00",$0.00,"-$2,087,878.00","-$11,656,779.50","-$77,594,356.00","-$33,014,932.46",Leveraged Equities,2022-05-02,1.48%,N/A,$0.00,2024-12-23,$0.26,0.00%,0.00,3.93,2,100.00%,40%,20%,1099,$34.51,$47.92,$40.87,$41.87,48.05,B,B,N/A,A,C+,B,N/A,0.0,N/A,N/A,N/A,N/A,N/A
UPV,ProShares Ultra FTSE Europe,"$14,248",18.26%,"1,009",$105.51,-0.12%,1.82%,7.34%,40.52%,27.22%,9.39%,"$2,186,554.00",$0.00,"-$2,950,497.00","$2,029,630.00","$4,834,531.00","$5,390,145.00",Leveraged Equities,2010-04-29,0.95%,N/A,$2.21,2026-06-24,$0.50,2.10%,0.00,1.67,2,100.00%,40%,20%,1099,$94.50,$105.99,$105.39,$105.57,60.87,B+,C,N/A,B,A,A-,B,0.0,N/A,N/A,N/A,N/A,N/A
SPYQ,Tradr 2X Long SPY Quarterly ETF,"$14,158",21.09%,"13,291",$196.07,-0.37%,7.17%,4.04%,37.40%,N/A,N/A,"-$3,144,876.00","-$954,208.50","-$1,904,136.00","-$2,324,982.00","$5,006,651.32","$5,006,651.32",Leveraged Equities,2024-09-30,1.00%,N/A,$0.00,N/A,N/A,0.00%,0.00,1.99,3,100.00%,40%,20%,1099,$176.94,$197.01,$195.69,$196.82,60.55,N/A,B-,N/A,N/A,A-,C,N/A,0.0,N/A,N/A,N/A,N/A,N/A
MST,Defiance Leveraged Long Income MSTR ETF,"$14,047",-72.09%,"94,900",$8.35,-1.76%,-0.16%,4.70%,-94.90%,N/A,N/A,"$24,009,630.84","$418,905.00","$625,850.00","$39,514,380.57","$192,310,363.07","$192,310,363.07",Leveraged Equities,2025-05-01,1.91%,N/A,$3.36,2026-07-01,$0.07,40.17%,0.00,5.25,6,100.00%,40%,20%,1099,$7.50,$8.98,$8.15,$8.55,41.35,N/A,A-,N/A,N/A,N/A,A,N/A,0.0,N/A,N/A,N/A,N/A,N/A
EZJ,ProShares Ultra MSCI Japan,"$13,366",30.88%,"3,380",$66.88,0.00%,4.15%,2.97%,53.39%,26.94%,8.81%,"$4,548,980.00",$0.00,"-$665,247.00","$4,600,486.00","$554,174.00","$8,147,655.00",Leveraged Equities,2009-06-04,1.17%,N/A,$1.21,2026-06-24,$0.33,1.82%,0.00,1.37,3,100.00%,40%,20%,1099,$58.61,$67.93,$66.78,$67.08,56.19,B,C+,N/A,B,A-,B+,C+,6.75,76.28%,58.70%,66.44,3.02%,1.64%
DJTU,T-REX 2X Long DJT Daily Target ETF,"$13,211",-62.88%,"79,224",$14.59,-2.73%,-10.66%,26.87%,-82.63%,N/A,N/A,"$6,807,723.33","$570,002.00","-$317,515.67","$25,325,596.33","$40,023,855.33","$40,023,855.33",Leveraged Equities,2025-03-04,1.05%,N/A,$0.00,N/A,N/A,0.00%,0.00,-0.39,2,100.00%,40%,20%,1099,$11.14,$16.72,$14.05,$14.92,53.51,N/A,A,N/A,N/A,A,N/A,N/A,0.0,N/A,N/A,N/A,N/A,N/A
GOU,GraniteShares 2x Long GOOGL Daily ETF,"$12,870",14.48%,"80,950",$27.96,-2.20%,14.40%,-3.06%,N/A,N/A,N/A,"$10,614,400.00","-$2,575,200.00","$1,737,200.00","$11,353,800.00","$11,353,800.00","$11,353,800.00",Leveraged Equities,2025-12-02,1.15%,N/A,$0.00,N/A,N/A,0.00%,0.00,-6.73,1,100.00%,40%,20%,1099,$22.02,$31.94,N/A,N/A,49.97,N/A,N/A,N/A,N/A,N/A,N/A,N/A,0.0,N/A,N/A,N/A,N/A,N/A
HOOX,Defiance Daily Target 2X Long HOOD ETF,"$12,339",-57.74%,"94,820",$26.20,-4.59%,7.40%,-40.62%,-67.32%,N/A,N/A,"$3,784,800.34","$561,226.00","-$758,060.00","-$6,193,815.66","$62,931.84","$62,931.84",Leveraged Equities,2025-03-18,1.29%,N/A,$0.00,N/A,N/A,0.00%,0.00,6.70,3,100.00%,40%,20%,1099,$19.76,$45.03,$25.80,$26.86,43.50,N/A,B,N/A,N/A,C,B-,N/A,0.0,N/A,N/A,N/A,N/A,N/A
UXJA,FT Vest U.S. Equity Uncapped Accelerator ETF - January,"$11,765",13.76%,"1,911",$39.17,-0.38%,4.27%,2.52%,23.80%,N/A,N/A,"$3,359,550.00",$0.00,"-$1,903,750.00","$5,057,150.00","$9,547,100.00","$9,547,100.00",Leveraged Equities,2025-01-17,0.85%,N/A,$0.00,N/A,N/A,0.00%,0.00,1.09,2,100.00%,40%,20%,1099,$36.80,$39.36,$39.14,$39.24,60.76,N/A,C+,N/A,N/A,B+,C,N/A,0.0,N/A,N/A,N/A,N/A,N/A
UXAP,FT Vest U.S. Equity Uncapped Accelerator ETF - April,"$11,070",13.48%,"2,009",$44.20,-0.41%,4.10%,2.39%,23.24%,N/A,N/A,"$2,074,000.00",$0.00,"$2,159,600.00","$177,850.00","$7,810,650.00","$7,810,650.00",Leveraged Equities,2025-04-17,0.85%,N/A,$0.00,N/A,N/A,0.00%,0.00,1.15,2,100.00%,40%,20%,1099,$41.61,$44.44,$44.16,$44.29,60.19,N/A,C,N/A,N/A,N/A,N/A,N/A,0.0,N/A,N/A,N/A,N/A,N/A
MLPR,ETRACS Quarterly Pay 1.5x Leveraged Alerian MLP Index ETN,"$11,042",28.33%,527,$74.91,1.57%,0.78%,3.76%,25.32%,18.59%,19.65%,$0.00,$0.00,$0.00,"-$2,903,125.00","-$48,971,420.00","-$48,971,420.00",Leveraged Equities,2020-06-02,1.90%,N/A,$0.00,N/A,N/A,0.00%,0.00,0.74,0,N/A,40%,20%,1099,$70.93,$76.40,$74.79,$75.14,55.81,C+,C,N/A,C+,A,C+,N/A,0.0,N/A,N/A,N/A,N/A,N/A
TSL,GraniteShares 1.25x Long TSLA Daily ETF ,"$10,983",-37.32%,"775,583",$11.72,-0.85%,4.75%,-26.56%,-6.60%,-0.32%,N/A,"-$10,407,100.00","$2,011,600.00","$1,479,200.00","$1,712,600.00","$3,381,100.00","$8,567,025.41",Leveraged Equities,2022-08-09,1.15%,N/A,$0.00,2023-12-27,$6.66,0.00%,0.00,1.95,1,100.00%,40%,20%,1099,$9.44,$16.80,$11.56,$11.88,37.92,B,B+,N/A,A-,C+,B-,N/A,0.0,N/A,N/A,N/A,N/A,N/A
PDDL,GraniteShares 2x Long PDD Daily ETF,"$10,856",-45.89%,"49,431",$15.24,-0.33%,8.06%,9.69%,-50.01%,N/A,N/A,"$9,949,800.00","-$458,700.00","-$1,020,900.00","$15,617,300.00","$15,617,300.00","$15,617,300.00",Leveraged Equities,2025-07-15,1.50%,N/A,$0.09,2025-12-29,$0.09,0.62%,0.00,5.32,1,100.00%,40%,20%,1099,$12.40,$15.45,$14.97,$15.38,56.32,N/A,N/A,N/A,N/A,N/A,C+,N/A,0.0,N/A,N/A,N/A,N/A,N/A
UCYB,ProShares Ultra Nasdaq Cybersecurity ETF,"$10,648",66.21%,"5,444",$86.53,-2.70%,13.66%,3.38%,53.64%,46.77%,14.96%,"$2,944,266.00","$2,682,720.00","$1,817,185.00","$2,967,930.00","$3,428,768.00","$3,783,561.84",Leveraged Equities,2021-01-19,0.95%,N/A,$1.21,2026-06-24,$0.25,1.39%,0.00,1.88,1,100.00%,40%,20%,1099,$69.59,$88.98,$84.72,$87.58,62.14,B+,C,N/A,A-,B+,A-,N/A,0.0,N/A,N/A,N/A,N/A,N/A
UCC,ProShares Ultra Consumer Discretionary,"$10,441",-7.33%,"4,117",$48.10,-1.17%,10.20%,1.34%,3.00%,12.65%,-0.80%,"-$3,200,126.00","-$482,317.00","-$482,317.00","-$8,182,791.00","-$10,575,831.00","-$12,993,094.75",Leveraged Equities,2007-01-30,0.95%,N/A,$0.60,2026-06-24,$0.15,1.24%,0.00,2.23,48,77.64%,40%,20%,1099,$41.17,$50.40,$47.84,$48.43,54.19,B+,C+,N/A,B+,B+,B,A,5.72,38.74%,28.05%,56.89,13.64%,0.34%
RVNL,GraniteShares 2x Long RIVN Daily ETF,"$10,303",-58.37%,"93,531",$23.54,-1.96%,-17.32%,-30.07%,-5.27%,N/A,N/A,"$5,501,900.00","-$213,400.00","-$1,902,600.00","$5,783,600.00","$9,541,700.00","$9,541,700.00",Leveraged Equities,2025-04-21,1.15%,N/A,$0.00,N/A,N/A,0.00%,0.00,0.73,1,100.00%,40%,20%,1099,$22.27,$34.23,$23.07,$24.41,44.05,N/A,B+,N/A,N/A,N/A,N/A,N/A,0.0,N/A,N/A,N/A,N/A,N/A
YSPY,GraniteShares YieldBOOST SPY ETF,"$10,207",2.11%,"20,509",$14.99,0.00%,0.55%,1.41%,13.84%,N/A,N/A,"-$8,154,700.00","-$449,100.00","-$1,344,300.00","$8,404,700.00","$15,603,000.00","$15,603,000.00",Leveraged Equities,2025-02-26,1.15%,N/A,$6.70,2026-07-31,$0.03,44.71%,0.00,1.24,4,100.00%,40%,20%,1099,$14.72,$15.03,$14.94,$15.05,58.65,N/A,B+,N/A,N/A,A-,A,N/A,0.0,N/A,N/A,N/A,N/A,N/A
RGTU,Tradr 2X Long RGTI Daily ETF,"$10,152",-71.79%,"221,275",$12.73,-2.97%,22.37%,-13.25%,-90.95%,N/A,N/A,"$11,213,046.19","-$518,727.00","$625,889.50","$33,118,123.20","$34,009,570.70","$34,009,570.70",Leveraged Equities,2025-06-23,1.30%,N/A,$0.00,N/A,N/A,0.00%,0.00,11.62,2,100.00%,40%,20%,1099,$8.59,$14.28,$11.94,$13.53,45.87,N/A,N/A,N/A,N/A,N/A,C+,N/A,0.0,N/A,N/A,N/A,N/A,N/A
UGE,ProShares Ultra Consumer Staples,"$10,134",16.87%,"55,561",$19.36,-0.67%,-1.12%,3.88%,5.73%,5.96%,-2.61%,"$349,709.00","-$1,937,120.00","-$636,770.00","-$561,857.00","$1,009,162.00","-$1,987,443.88",Leveraged Equities,2007-01-30,0.95%,N/A,$0.40,2026-06-24,$0.12,2.09%,0.00,1.32,35,83.15%,40%,20%,1099,$18.45,$20.29,$19.15,$19.66,50.76,A-,B-,N/A,C,A,A-,A,6.71,75.89%,57.01%,35.25,6.03%,3.30%
ISUL,GraniteShares 2x Long ISRG Daily ETF,"$9,996",-62.43%,"87,655",$14.16,-0.63%,11.08%,-21.71%,N/A,N/A,N/A,"$13,352,500.00",$0.00,"$5,515,300.00","$13,743,400.00","$13,743,400.00","$13,743,400.00",Leveraged Equities,2025-10-07,1.50%,N/A,$0.00,N/A,N/A,0.00%,0.00,-9.23,1,100.00%,40%,20%,1099,$10.18,$17.72,$13.97,$14.43,44.31,N/A,N/A,N/A,N/A,N/A,N/A,N/A,0.0,N/A,N/A,N/A,N/A,N/A
RBLU,T-REX 2X Long RBLX Daily Target ETF,"$9,949",-88.88%,"427,759",$3.24,-0.92%,-53.31%,-65.75%,-96.70%,N/A,N/A,"$17,780,642.00","$6,239,925.00","$5,571,849.00","$30,171,178.00","$32,542,688.00","$32,542,688.00",Leveraged Equities,2025-03-04,1.05%,N/A,$0.00,N/A,N/A,0.00%,0.00,3.25,2,100.00%,40%,20%,1099,$2.47,$11.11,N/A,N/A,32.65,N/A,B+,N/A,N/A,A,N/A,N/A,0.0,N/A,N/A,N/A,N/A,N/A
AMYY,GraniteShares YieldBOOST AMD ETF,"$9,248",6.43%,"23,386",$14.57,0.76%,0.89%,-0.85%,N/A,N/A,N/A,"$2,101,600.00","$439,200.00","$608,400.00","$14,717,000.00","$14,717,000.00","$14,717,000.00",Leveraged Equities,2025-09-16,1.07%,N/A,$15.27,2026-07-31,$0.22,104.78%,0.00,-1.32,4,100.00%,40%,20%,1099,$14.23,$14.81,$14.44,$14.65,54.69,N/A,N/A,N/A,N/A,N/A,N/A,N/A,0.0,N/A,N/A,N/A,N/A,N/A
XPP,ProShares Ultra FTSE China 50,"$8,898",-15.78%,"6,175",$21.84,-0.55%,-2.94%,15.31%,-14.92%,4.32%,-15.19%,"-$5,821,220.00",$0.00,"-$1,641,697.00","-$4,689,737.00","-$4,123,929.00","$1,468,249.00",Leveraged Equities,2009-06-02,0.95%,N/A,$0.54,2026-06-24,$0.13,2.49%,0.00,0.65,2,100.00%,40%,20%,1099,$18.53,$23.13,$21.71,$21.91,58.80,A-,C+,N/A,A,B+,A,B-,0.0,N/A,N/A,N/A,N/A,N/A
SCDL,ETRACS 2x Leveraged U.S. Dividend Factor TR ETN,"$8,816",48.57%,464,$58.82,-0.07%,1.41%,8.45%,59.88%,22.60%,11.72%,$0.00,$0.00,$0.00,"-$2,004,110.00","-$34,534,525.00","-$34,534,525.00",Leveraged Equities,2021-02-04,0.95%,N/A,$0.00,N/A,N/A,0.00%,0.00,1.33,0,0.00%,40%,20%,1099,$53.76,$60.62,$58.82,$58.82,60.54,C+,C,N/A,C+,A,C,N/A,0.0,N/A,N/A,N/A,N/A,N/A
AAPX,T-Rex 2X Long Apple Daily Target ETF,"$8,551",18.41%,"62,403",$36.09,1.15%,-12.70%,-3.68%,78.93%,N/A,N/A,"-$3,090,549.81",$0.00,"-$2,048,268.16","-$16,024,212.05","-$2,187,259.56","-$2,187,259.56",Leveraged Equities,2024-01-11,1.05%,N/A,$0.00,2024-12-24,$6.93,0.00%,0.00,1.50,2,100.00%,40%,20%,1099,$33.47,$44.26,$35.34,$36.81,48.25,B,B+,N/A,C,B-,A,N/A,0.0,N/A,N/A,N/A,N/A,N/A
FLYU,MicroSectors Travel 3x Leveraged ETN,"$8,530",-4.99%,"1,144",$52.54,-1.79%,8.59%,7.31%,1.24%,8.35%,N/A,$0.00,$0.00,$0.00,$0.00,$0.00,$0.00,Leveraged Equities,2022-06-21,0.95%,N/A,$0.00,N/A,N/A,0.00%,0.00,4.39,0,N/A,40%,20%,1099,$41.04,$53.95,$52.14,$53.35,57.18,C+,C,N/A,A-,C+,B-,N/A,0.0,N/A,N/A,N/A,N/A,N/A
KMLI,KraneShares 2x Long MELI Daily ETF,"$8,407",-32.16%,"97,061",$9.36,-11.45%,-7.77%,-0.62%,-58.91%,N/A,N/A,"$3,037,756.68","-$1,548,446.71","-$3,980,824.20","$7,631,558.88","$10,131,772.16","$10,131,772.16",Leveraged Equities,2025-06-11,1.26%,N/A,$0.01,2025-12-30,$0.02,0.16%,0.00,0.68,3,100.00%,40%,20%,1099,$9.06,$10.53,$8.93,$9.73,49.92,N/A,N/A,N/A,N/A,N/A,C+,N/A,0.0,N/A,N/A,N/A,N/A,N/A
MTUL,ETRACS 2x Leveraged MSCI US Momentum Factor TR ETN,"$8,341",46.03%,"2,081",$55.03,-2.45%,7.80%,-8.32%,52.11%,50.45%,15.96%,$0.00,$0.00,$0.00,"-$1,965,585.00","-$25,710,445.00","-$25,710,445.00",Leveraged Equities,2021-02-05,0.95%,N/A,$0.00,N/A,N/A,0.00%,0.00,2.09,0,0.00%,40%,20%,1099,$48.32,$65.05,N/A,N/A,48.80,B-,C,N/A,B+,A-,C,N/A,0.0,N/A,N/A,N/A,N/A,N/A
SMHD,MicroSectors -3x Short Semiconductor ETNs,"$8,104",N/A,N/A,$42.24,-0.35%,N/A,N/A,N/A,N/A,N/A,$0.00,$0.00,$0.00,$0.00,$0.00,$0.00,Leveraged Equities,2026-08-05,0.70%,N/A,$0.00,2020-02-11,$0.09,0.00%,0.00,0.00,81,35.23%,40%,20%,1099,N/A,N/A,$42.24,$42.24,"",A-,B+,A,C,B+,A,N/A,0.0,N/A,N/A,N/A,N/A,N/A
MSTP,GraniteShares 2x Long MSTR Daily ETF,"$7,192",-76.04%,"54,675",$13.13,-3.88%,-2.33%,1.65%,-97.02%,N/A,N/A,"$15,352,097.61","-$271,400.00","$22,900.00","$21,793,497.61","$22,489,897.61","$22,489,897.61",Leveraged Equities,2025-06-09,1.50%,N/A,$0.00,N/A,N/A,0.00%,0.00,5.86,1,100.00%,40%,20%,1099,$11.71,$14.67,$12.79,$13.48,41.41,N/A,N/A,N/A,N/A,N/A,C+,N/A,0.0,N/A,N/A,N/A,N/A,N/A
ARCX,Tradr 2X Long ACHR Daily ETF,"$7,121",-67.07%,"53,827",$11.80,0.08%,17.64%,7.28%,-85.41%,N/A,N/A,"$1,888,113.50","$117,067.50","$416,699.00","$18,534,065.70","$33,031,733.20","$33,031,733.20",Leveraged Equities,2025-06-09,1.30%,N/A,$0.00,N/A,N/A,0.00%,0.00,5.78,2,100.00%,40%,20%,1099,$8.67,$12.99,$11.34,$12.38,48.41,N/A,N/A,N/A,N/A,N/A,C+,N/A,0.0,N/A,N/A,N/A,N/A,N/A
QULL,ETRACS 2x Leveraged MSCI US Quality Factor TR ETN,"$7,014",23.94%,135,$70.21,-0.30%,5.42%,5.55%,40.70%,31.87%,15.02%,$0.00,$0.00,$0.00,"-$5,795,520.00","-$44,978,270.00","-$44,978,270.00",Leveraged Equities,2021-02-05,0.95%,N/A,$0.00,N/A,N/A,0.00%,0.00,2.00,0,0.00%,40%,20%,1099,$63.74,$70.27,$70.21,$70.21,63.56,C+,C,N/A,B-,A-,C,N/A,0.0,N/A,N/A,N/A,N/A,N/A
SMYY,GraniteShares YieldBOOST SMCI ETF,"$6,949",-9.49%,"32,417",$6.23,-0.48%,0.12%,-4.53%,N/A,N/A,N/A,"$3,897,900.00","-$435,900.00","-$847,500.00","$21,272,600.00","$21,272,600.00","$21,272,600.00",Leveraged Equities,2025-09-30,1.07%,N/A,$13.05,2026-07-31,$0.09,209.39%,0.00,-1.60,4,100.00%,40%,20%,1099,$6.11,$6.56,$6.22,$6.25,38.89,N/A,N/A,N/A,N/A,N/A,N/A,N/A,0.0,N/A,N/A,N/A,N/A,N/A
IWDL,ETRACS 2x Leveraged US Value Factor TR ETN,"$6,910",42.61%,883,$68.56,-0.85%,3.14%,6.78%,65.78%,31.06%,16.36%,$0.00,$0.00,$0.00,"-$4,898,460.00","-$37,241,395.00","-$37,241,395.00",Leveraged Equities,2021-02-05,0.95%,N/A,$0.00,N/A,N/A,0.00%,0.00,1.66,0,0.00%,40%,20%,1099,$62.61,$69.22,$68.26,$69.11,65.07,B-,C,N/A,B-,A,C+,N/A,0.0,N/A,N/A,N/A,N/A,N/A
BDCX,ETRACS Quarterly Pay 1.5x Leveraged MarketVector BDC Liquid Index ETN,"$6,847",-15.94%,"2,452",$20.50,4.70%,8.32%,2.94%,-26.68%,-13.50%,-11.72%,"$1,058,805.00",$0.00,$0.00,"$1,058,805.00","-$20,773,125.00","-$20,773,125.00",Leveraged Equities,2020-06-02,1.90%,N/A,$0.00,N/A,N/A,0.00%,0.00,0.89,0,N/A,40%,20%,1099,$18.38,$20.57,$20.17,$20.71,55.71,C+,C,N/A,C,A,C+,N/A,0.0,N/A,N/A,N/A,N/A,N/A
JETU,MAX Airlines 3X Leveraged ETNs,"$6,746",28.74%,"5,914",$38.34,-9.36%,4.68%,-0.56%,82.62%,15.83%,N/A,$0.00,$0.00,$0.00,$0.00,$0.00,$0.00,Leveraged Equities,2023-06-20,0.95%,N/A,$0.00,N/A,N/A,0.00%,0.00,3.34,0,N/A,40%,20%,1099,$31.86,$41.57,$37.52,$39.98,53.55,C,C,N/A,B,C+,C+,N/A,0.0,N/A,N/A,N/A,N/A,N/A
IWML,ETRACS 2x Leveraged US Size Factor TR ETN,"$6,689",40.55%,428,$32.95,-1.58%,3.48%,-0.07%,72.46%,22.35%,5.13%,$0.00,$0.00,$0.00,"-$2,443,490.00","-$17,530,720.00","-$17,530,720.00",Leveraged Equities,2021-02-04,0.95%,N/A,$0.00,N/A,N/A,0.00%,0.00,2.23,0,0.00%,40%,20%,1099,$30.83,$33.53,$32.95,$32.95,54.75,C,C,N/A,B-,B+,C,N/A,0.0,N/A,N/A,N/A,N/A,N/A
NUGY,GraniteShares YieldBOOST Gold Miners ETF,"$6,565",-6.37%,"15,520",$13.15,0.15%,0.90%,0.65%,N/A,N/A,N/A,"$8,082,600.00","-$131,300.00","-$531,200.00","$15,209,600.00","$15,209,600.00","$15,209,600.00",Leveraged Equities,2025-11-18,1.07%,N/A,$11.83,2026-07-31,$0.16,89.96%,0.00,-1.12,4,100.00%,40%,20%,1099,$12.79,$13.20,N/A,N/A,51.39,N/A,N/A,N/A,N/A,N/A,N/A,N/A,0.0,N/A,N/A,N/A,N/A,N/A
LTL,ProShares Ultra Communication Services,"$6,504",-14.64%,"3,541",$24.14,0.25%,8.22%,0.08%,0.19%,30.00%,15.39%,"-$8,533,925.00",$0.00,$0.00,"-$9,256,595.00","$3,241,467.00","$2,235,111.00",Leveraged Equities,2008-03-25,0.95%,N/A,$0.21,2026-06-24,$0.04,0.88%,0.00,1.68,24,79.10%,40%,20%,1099,$21.94,$25.76,N/A,N/A,50.46,B+,C+,N/A,A-,A-,B-,A-,4.35,1.19%,9.10%,10.36,1.00%,0.09%
TQQY,GraniteShares YieldBOOST QQQ ETF,"$6,299",2.69%,"18,358",$12.35,0.00%,0.68%,-1.85%,3.78%,N/A,N/A,"-$3,461,100.00",$0.00,"-$248,600.00","$5,536,400.00","$10,476,500.00","$10,476,500.00",Leveraged Equities,2025-02-26,1.15%,N/A,$6.77,2026-07-31,$0.08,54.83%,0.00,1.55,4,100.00%,40%,20%,1099,$12.12,$12.66,$12.32,$12.36,48.26,N/A,B,N/A,N/A,A-,A,N/A,0.0,N/A,N/A,N/A,N/A,N/A
HOYY,GraniteShares YieldBOOST HOOD ETF,"$6,117",-33.05%,"26,377",$5.12,-0.58%,1.98%,-5.55%,N/A,N/A,N/A,"-$1,737,300.00",$0.00,"-$206,800.00","$33,465,200.00","$33,465,200.00","$33,465,200.00",Leveraged Equities,2025-09-30,1.07%,N/A,$11.53,2026-07-31,$0.07,225.27%,0.00,-1.44,4,100.00%,40%,20%,1099,$4.96,$5.50,$5.11,$5.13,42.54,N/A,N/A,N/A,N/A,N/A,N/A,N/A,0.0,N/A,N/A,N/A,N/A,N/A
IWFL,ETRACS 2x Leveraged US Growth Factor TR ETN,"$6,019",4.41%,321,$59.82,-1.14%,10.90%,-0.18%,16.43%,32.87%,13.42%,$0.00,$0.00,$0.00,"-$5,899,110.00","-$40,514,085.00","-$40,514,085.00",Leveraged Equities,2021-02-05,1.70%,N/A,$0.00,N/A,N/A,0.00%,0.00,2.34,0,0.00%,40%,20%,1099,$51.39,$62.47,$59.82,$59.82,54.43,B-,C,N/A,B+,A-,C+,N/A,0.0,N/A,N/A,N/A,N/A,N/A
HDLB,ETRACS Monthly Pay 2xLeveraged US High Dividend Low Volatility ETN Series B,"$5,635",16.73%,"3,409",$17.55,-0.11%,-1.30%,7.15%,10.71%,16.80%,2.10%,$0.00,$0.00,$0.00,"-$1,200,600.00","-$9,934,680.00","-$9,934,680.00",Leveraged Equities,2019-10-24,1.65%,N/A,$0.00,2020-07-13,$0.09,0.00%,0.00,1.16,0,N/A,40%,20%,1099,$16.26,$18.62,N/A,N/A,53.77,B-,C,N/A,B,A-,C+,N/A,0.0,N/A,N/A,N/A,N/A,N/A
UXJL,FT Vest U.S. Equity Uncapped Accelerator ETF - July,"$5,622",13.53%,"1,166",$37.39,-0.40%,3.92%,2.10%,23.26%,N/A,N/A,"-$4,914,850.00",$0.00,"-$11,550.00","-$1,830,900.00","$4,242,300.00","$4,242,300.00",Leveraged Equities,2025-07-18,0.85%,N/A,$0.00,N/A,N/A,0.00%,0.00,1.17,2,100.00%,40%,20%,1099,$35.29,$37.60,$37.39,$37.39,59.89,N/A,N/A,N/A,N/A,N/A,C+,N/A,0.0,N/A,N/A,N/A,N/A,N/A
IOYY,GraniteShares YieldBOOST IONQ ETF,"$5,476",-24.13%,"39,045",$6.80,0.59%,2.09%,-5.74%,N/A,N/A,N/A,"$6,253,000.00","-$338,000.00","-$239,600.00","$14,520,100.00","$14,520,100.00","$14,520,100.00",Leveraged Equities,2025-11-04,1.07%,N/A,$11.89,2026-07-31,$0.09,174.88%,0.00,-1.43,4,100.00%,40%,20%,1099,$6.53,$7.10,$6.78,$6.81,39.56,N/A,N/A,N/A,N/A,N/A,N/A,N/A,0.0,N/A,N/A,N/A,N/A,N/A
SKYU,ProShares Ultra Nasdaq Cloud Computing ETF,"$5,337",22.04%,"3,237",$44.71,-3.81%,15.05%,11.72%,29.60%,35.82%,-0.86%,"$2,137,021.00","$863,952.00","$863,952.00","$1,048,543.00","$40,012.00","$2,526,723.28",Leveraged Equities,2021-01-19,0.95%,N/A,$0.30,2026-06-24,$0.04,0.67%,0.00,2.51,64,54.27%,40%,20%,1099,$31.76,$45.88,$43.85,$45.34,64.16,B-,C,N/A,A-,B,B-,N/A,7.18,86.17%,76.51%,17.5,5.94%,2.06%
USML,ETRACS 2x Leveraged MSCI US Minimum Volatility Factor TR ETN,"$4,602",10.15%,197,$46.20,0.06%,4.11%,4.47%,12.16%,17.22%,7.50%,$0.00,$0.00,$0.00,"-$4,272,350.00","-$36,870,060.00","-$36,870,060.00",Leveraged Equities,2021-02-05,0.95%,N/A,$0.00,N/A,N/A,0.00%,0.00,1.26,0,0.00%,40%,20%,1099,$42.15,$46.25,$46.20,$46.20,65.50,C+,C,N/A,C+,A,C,N/A,0.0,N/A,N/A,N/A,N/A,N/A
UBR,ProShares Ultra MSCI Brazil Capped,"$3,871",19.54%,"2,627",$31.27,-3.40%,-3.94%,3.04%,63.82%,6.49%,-0.04%,"-$492,143.00",$0.00,$0.00,"$273,880.00","-$983,745.00","-$1,559,034.93",Leveraged Equities,2010-04-29,0.95%,N/A,$0.51,2026-06-24,$0.12,1.64%,0.00,1.22,1,100.00%,40%,20%,1099,$30.51,$33.01,$31.10,$31.57,49.02,B-,C,N/A,C+,B+,A,C+,0.0,N/A,N/A,N/A,N/A,N/A
CARU,MAX Auto Industry 3X Leveraged ETN,"$3,815",-24.99%,805,$23.37,-2.14%,-0.11%,1.57%,-16.00%,-8.94%,N/A,$0.00,$0.00,$0.00,$0.00,$0.00,$0.00,Leveraged Equities,2023-06-27,0.95%,N/A,$0.00,N/A,N/A,0.00%,0.00,3.46,0,N/A,40%,20%,1099,$21.30,$25.41,$23.37,$23.37,50.08,C,C,N/A,B+,C+,C+,N/A,0.0,N/A,N/A,N/A,N/A,N/A
KBAB,KraneShares 2x Long BABA Daily ETF,"$3,769",-35.87%,"22,978",$9.15,-3.17%,18.17%,27.28%,-46.83%,N/A,N/A,"$318,159.76","-$211,680.31","-$234,083.34","$6,473,036.59","$8,972,364.20","$8,972,364.20",Leveraged Equities,2025-03-11,0.99%,N/A,$0.05,2025-12-30,$0.05,0.55%,0.00,2.65,3,100.00%,40%,20%,1099,$6.62,$9.49,$9.04,$9.22,59.67,N/A,B,N/A,N/A,A,N/A,N/A,0.0,N/A,N/A,N/A,N/A,N/A
RTYY,GraniteShares YieldBoost RIOT ETF,"$3,732",-2.76%,"12,923",$9.83,0.10%,-0.11%,-3.08%,N/A,N/A,N/A,"$4,869,300.00","$588,900.00","$279,600.00","$6,434,400.00","$6,434,400.00","$6,434,400.00",Leveraged Equities,2025-12-02,1.07%,N/A,$11.59,2026-07-31,$0.18,117.89%,0.00,-1.69,4,100.00%,40%,20%,1099,$9.59,$10.06,$9.77,$9.90,44.09,N/A,N/A,N/A,N/A,N/A,N/A,N/A,0.0,N/A,N/A,N/A,N/A,N/A
TLA,GraniteShares Autocallable TSLA ETF,"$2,980",N/A,"2,895",$22.91,0.00%,2.12%,-6.58%,N/A,N/A,N/A,"$2,440,800.00","$229,200.00","$718,700.00","$2,440,800.00","$2,440,800.00","$2,440,800.00",Leveraged Equities,2026-02-03,1.07%,N/A,$2.00,2026-07-01,$0.41,8.73%,0.00,-1.68,1,100.00%,40%,20%,1099,$21.54,$25.33,N/A,N/A,42.61,N/A,N/A,N/A,N/A,N/A,N/A,N/A,0.0,N/A,N/A,N/A,N/A,N/A
MAAY,GraniteShares YieldBOOST MARA ETF,"$2,925",-20.78%,"17,475",$5.81,-0.68%,-0.85%,-0.79%,N/A,N/A,N/A,"$2,740,300.00",$0.00,"$419,300.00","$6,760,700.00","$6,760,700.00","$6,760,700.00",Leveraged Equities,2025-11-04,1.07%,N/A,$9.97,2026-07-31,$0.10,171.55%,0.00,-1.77,4,100.00%,40%,20%,1099,$5.72,$5.96,$5.79,$5.85,46.75,N/A,N/A,N/A,N/A,N/A,N/A,N/A,0.0,N/A,N/A,N/A,N/A,N/A
RGYY,GraniteShares YieldBoost RGTI ETF,"$2,907",-32.90%,"19,884",$6.76,0.00%,2.00%,-2.48%,N/A,N/A,N/A,"$4,099,200.00",$0.00,$0.00,"$4,955,400.00","$4,955,400.00","$4,955,400.00",Leveraged Equities,2025-11-25,1.07%,N/A,$9.50,2026-07-31,$0.10,140.50%,0.00,-1.63,4,100.00%,40%,20%,1099,$6.51,$6.86,$6.74,$6.79,45.22,N/A,N/A,N/A,N/A,N/A,N/A,N/A,0.0,N/A,N/A,N/A,N/A,N/A
AZYY,GraniteShares YieldBoost AMZN ETF,"$2,894",-9.36%,"2,658",$14.47,0.00%,0.50%,-3.15%,N/A,N/A,N/A,"$1,029,800.00",$0.00,"-$152,600.00","$3,501,600.00","$3,501,600.00","$3,501,600.00",Leveraged Equities,2025-09-16,1.07%,N/A,$7.59,2026-07-31,$0.09,52.46%,0.00,-0.89,4,100.00%,40%,20%,1099,$14.10,$15.23,N/A,N/A,41.32,N/A,N/A,N/A,N/A,N/A,N/A,N/A,0.0,N/A,N/A,N/A,N/A,N/A
PLA,GraniteShares Autocallable PLTR ETF,"$2,838",N/A,N/A,$25.82,0.04%,8.15%,6.87%,N/A,N/A,N/A,"$1,990,300.00",$0.00,"$490,400.00","$1,990,300.00","$1,990,300.00","$1,990,300.00",Leveraged Equities,2026-05-19,1.07%,N/A,$0.87,2026-07-01,$0.45,3.38%,0.00,2.70,2,100.00%,40%,20%,1099,$23.07,$25.95,$25.78,$25.89,60.27,N/A,N/A,N/A,N/A,N/A,N/A,N/A,0.0,N/A,N/A,N/A,N/A,N/A
PLYY,GraniteShares YieldBOOST PLTR ETF,"$2,730",-29.03%,"6,942",$8.52,-0.35%,2.02%,0.93%,N/A,N/A,N/A,"-$372,900.00",$0.00,"-$177,800.00","$8,517,200.00","$8,517,200.00","$8,517,200.00",Leveraged Equities,2025-09-23,1.70%,N/A,$11.45,2026-07-31,$0.09,134.45%,0.00,-1.28,4,100.00%,40%,20%,1099,$8.20,$8.71,$8.51,$8.52,48.25,N/A,N/A,N/A,N/A,N/A,N/A,N/A,0.0,N/A,N/A,N/A,N/A,N/A
QBY,GraniteShares YieldBoost QBTS ETF,"$2,455",-35.34%,"16,603",$6.75,-1.03%,1.21%,-6.60%,N/A,N/A,N/A,"$3,226,200.00","$68,200.00","-$207,800.00","$3,876,600.00","$3,876,600.00","$3,876,600.00",Leveraged Equities,2025-11-25,1.07%,N/A,$9.16,2026-07-31,$0.11,135.64%,0.00,-1.52,4,100.00%,40%,20%,1099,$6.56,$7.10,$6.70,$6.81,39.89,N/A,N/A,N/A,N/A,N/A,N/A,N/A,0.0,N/A,N/A,N/A,N/A,N/A
YBTY,GraniteShares YieldBoost TopYielders ETF,"$1,781",-25.53%,"4,333",$11.10,-0.27%,0.15%,-4.43%,N/A,N/A,N/A,"$1,368,400.00",$0.00,"-$460,800.00","$3,914,800.00","$3,914,800.00","$3,914,800.00",Leveraged Equities,2025-12-16,1.38%,N/A,$7.48,2026-08-03,$0.11,67.36%,0.00,-0.94,9,100.00%,40%,20%,1099,$10.91,$11.51,$11.08,$11.12,37.37,N/A,N/A,N/A,N/A,N/A,N/A,N/A,0.0,N/A,N/A,N/A,N/A,N/A
CRY,GraniteShares YieldBOOST CRCL ETF,"$1,566",N/A,"7,034",$17.52,0.57%,-1.47%,0.41%,N/A,N/A,N/A,"$1,170,900.00","$530,400.00","$530,400.00","$1,170,900.00","$1,170,900.00","$1,170,900.00",Leveraged Equities,2026-04-28,1.07%,N/A,$5.52,2026-07-31,$0.31,31.51%,0.00,-1.59,4,100.00%,40%,20%,1099,$17.03,$17.86,$17.36,$17.63,44.18,N/A,N/A,N/A,N/A,N/A,N/A,N/A,0.0,N/A,N/A,N/A,N/A,N/A
MTYY,GraniteShares YieldBOOST MSTR ETF,"$1,563",-29.59%,"3,190",$18.36,-0.38%,0.58%,-0.60%,N/A,N/A,N/A,"$2,904,104.57",$0.00,$0.00,"$5,395,104.57","$5,395,104.57","$5,395,104.57",Leveraged Equities,2025-09-23,1.07%,N/A,$3.66,2026-07-31,$0.17,19.93%,0.00,-1.44,4,100.00%,40%,20%,1099,$18.05,$18.79,N/A,N/A,42.70,N/A,N/A,N/A,N/A,N/A,N/A,N/A,0.0,N/A,N/A,N/A,N/A,N/A
YBST,GraniteShares YieldBoost Single Stock Universe ETF,"$1,269",-22.00%,"2,034",$12.67,-0.24%,0.60%,-2.84%,N/A,N/A,N/A,"-$651,000.00",$0.00,$0.00,"$2,079,200.00","$2,079,200.00","$2,079,200.00",Leveraged Equities,2025-12-16,1.38%,N/A,$6.85,2026-08-03,$0.11,54.10%,0.00,-0.72,22,48.70%,40%,20%,1099,$12.46,$13.00,$12.65,$12.69,39.95,N/A,N/A,N/A,N/A,N/A,N/A,N/A,0.0,N/A,N/A,N/A,N/A,N/A
TMYY,GraniteShares YieldBOOST TSM ETF,"$1,162",N/A,"3,170",$23.32,0.34%,2.08%,-0.79%,N/A,N/A,N/A,"$501,100.00",$0.00,"$6,400.00","$501,100.00","$501,100.00","$501,100.00",Leveraged Equities,2026-04-14,1.07%,N/A,$5.23,2026-07-31,$0.25,22.44%,0.00,-1.72,4,100.00%,40%,20%,1099,$22.18,$23.47,$23.28,$23.35,57.44,N/A,N/A,N/A,N/A,N/A,N/A,N/A,0.0,N/A,N/A,N/A,N/A,N/A
SCA,GraniteShares Autocallable SMCI ETF,$870,N/A,N/A,$21.40,-1.56%,3.75%,4.76%,N/A,N/A,N/A,"$302,400.00",$0.00,$0.00,"$302,400.00","$302,400.00","$302,400.00",Leveraged Equities,2026-05-27,1.07%,N/A,$1.63,2026-07-01,$0.83,7.63%,0.00,-5.27,2,100.00%,40%,20%,1099,$18.18,$23.14,$21.30,$21.60,50.13,N/A,N/A,N/A,N/A,N/A,N/A,N/A,0.0,N/A,N/A,N/A,N/A,N/A
BIOY,GraniteShares YieldBOOST Biotech ETF,$850,N/A,"1,861",$21.31,0.24%,-0.44%,-4.96%,N/A,N/A,N/A,"$215,400.00","$215,400.00","$215,400.00","$215,400.00","$215,400.00","$215,400.00",Leveraged Equities,2026-05-05,1.07%,N/A,$3.45,2026-07-31,$0.24,16.20%,0.00,-1.43,4,100.00%,40%,20%,1099,$20.72,$21.86,$21.28,$21.33,48.45,N/A,N/A,N/A,N/A,N/A,N/A,N/A,0.0,N/A,N/A,N/A,N/A,N/A
PUL,GraniteShares 2x Long P Daily ETF,$834,N/A,N/A,$30.11,7.96%,34.23%,11.62%,N/A,N/A,N/A,$0.00,$0.00,$0.00,$0.00,$0.00,$0.00,Leveraged Equities,2026-07-07,1.50%,N/A,$0.00,N/A,N/A,0.00%,0.00,0.00,2,100.00%,40%,20%,1099,$16.88,$29.11,$30.11,$30.11,58.09,N/A,N/A,N/A,N/A,N/A,N/A,N/A,0.0,N/A,N/A,N/A,N/A,N/A
FINY,GraniteShares YieldBOOST Financials ETF,$767,N/A,"1,153",$25.60,-0.12%,0.38%,3.55%,N/A,N/A,N/A,$0.00,$0.00,$0.00,$0.00,$0.00,$0.00,Leveraged Equities,2026-05-05,1.07%,N/A,$1.49,2026-07-31,$0.10,5.83%,0.00,0.55,3,100.00%,40%,20%,1099,$24.91,$25.74,$25.58,$25.64,72.94,N/A,N/A,N/A,N/A,N/A,N/A,N/A,0.0,N/A,N/A,N/A,N/A,N/A
BBUL,GraniteShares 2x Long BB Daily ETF,$693,N/A,N/A,$13.98,0.65%,7.06%,-44.59%,N/A,N/A,N/A,"$704,700.00",$0.00,"$704,700.00","$704,700.00","$704,700.00","$704,700.00",Leveraged Equities,2026-07-07,1.50%,N/A,$0.00,N/A,N/A,0.00%,0.00,0.00,2,100.00%,40%,20%,1099,$8.13,$23.07,$13.12,$14.71,28.26,N/A,N/A,N/A,N/A,N/A,N/A,N/A,0.0,N/A,N/A,N/A,N/A,N/A
BBYY,GraniteShares YieldBOOST BABA ETF,$691,-20.19%,"3,048",$9.85,-0.10%,0.83%,4.97%,N/A,N/A,N/A,"$99,200.00",$0.00,$0.00,"$1,013,700.00","$1,013,700.00","$1,013,700.00",Leveraged Equities,2025-10-21,1.07%,N/A,$10.20,2026-07-31,$0.09,103.58%,0.00,-1.12,4,100.00%,40%,20%,1099,$9.31,$9.94,$9.82,$9.86,55.82,N/A,N/A,N/A,N/A,N/A,N/A,N/A,0.0,N/A,N/A,N/A,N/A,N/A
HMYY,GraniteShares YieldBoost HIMS ETF,$684,-43.54%,"4,352",$6.18,-0.64%,1.27%,-4.05%,N/A,N/A,N/A,"$722,700.00",$0.00,$0.00,"$1,313,700.00","$1,313,700.00","$1,313,700.00",Leveraged Equities,2025-12-02,1.07%,N/A,$7.63,2026-07-31,$0.10,123.43%,0.00,-1.50,4,100.00%,40%,20%,1099,$6.03,$6.51,$6.17,$6.21,45.45,N/A,N/A,N/A,N/A,N/A,N/A,N/A,0.0,N/A,N/A,N/A,N/A,N/A
TECY,GraniteShares YieldBOOST Technology ETF,$671,N/A,"1,353",$22.41,0.09%,2.22%,1.50%,N/A,N/A,N/A,$0.00,$0.00,$0.00,$0.00,$0.00,$0.00,Leveraged Equities,2026-05-05,1.07%,N/A,$2.91,2026-07-31,$0.20,13.01%,0.00,-1.41,3,100.00%,40%,20%,1099,$21.31,$22.57,$22.37,$22.44,56.87,N/A,N/A,N/A,N/A,N/A,N/A,N/A,0.0,N/A,N/A,N/A,N/A,N/A
MRA,GraniteShares Autocallable MARA ETF,$646,N/A,N/A,$20.93,-2.10%,-6.23%,-8.67%,N/A,N/A,N/A,"$18,000.00","-$215,200.00","$9,700.00","$18,000.00","$18,000.00","$18,000.00",Leveraged Equities,2026-05-27,1.07%,N/A,$1.72,2026-07-01,$0.87,8.22%,0.00,-4.17,2,100.00%,40%,20%,1099,$20.34,$23.30,$20.93,$20.93,44.25,N/A,N/A,N/A,N/A,N/A,N/A,N/A,0.0,N/A,N/A,N/A,N/A,N/A
ONG,Leverage Shares 2X Long ON Daily ETF,$623,N/A,N/A,$4.96,3.77%,-13.13%,-38.54%,N/A,N/A,N/A,"$1,450,891.50","-$223,402.50","-$871,111.50","$1,450,891.50","$1,450,891.50","$1,450,891.50",Leveraged Equities,2026-06-02,0.75%,N/A,$0.00,2023-03-21,$0.14,0.00%,0.00,-16.84,6,100.00%,40%,20%,1099,$4.66,$7.81,$4.68,$5.22,35.67,C,C,B+,C+,C,N/A,N/A,0.0,N/A,N/A,N/A,N/A,N/A
MSR,GraniteShares Autocallable MSTR ETF,$565,N/A,N/A,$14.10,0.00%,-2.11%,4.35%,N/A,N/A,N/A,"$132,700.00",$0.00,$0.00,"$132,700.00","$132,700.00","$132,700.00",Leveraged Equities,2026-05-12,1.07%,N/A,$0.72,2026-06-03,$0.72,5.09%,0.00,-6.16,1,100.00%,40%,20%,1099,$13.21,$14.80,N/A,N/A,42.95,N/A,N/A,N/A,N/A,N/A,N/A,N/A,0.0,N/A,N/A,N/A,N/A,N/A
CWY,GraniteShares YieldBOOST CRWV ETF,$509,N/A,"1,883",$16.90,-0.53%,1.54%,-6.15%,N/A,N/A,N/A,"$8,700.00",$0.00,"$8,700.00","$8,700.00","$8,700.00","$8,700.00",Leveraged Equities,2026-04-14,1.07%,N/A,$5.55,2026-07-31,$0.25,32.83%,0.00,-1.62,4,100.00%,40%,20%,1099,$16.16,$17.83,$16.85,$16.96,40.41,N/A,N/A,N/A,N/A,N/A,N/A,N/A,0.0,N/A,N/A,N/A,N/A,N/A
KBDU,KraneShares 2x Long BIDU Daily ETF,$449,-43.46%,"1,352",$17.38,-3.34%,3.23%,-14.84%,N/A,N/A,N/A,"-$883,500.00",$0.00,$0.00,"$229,750.00","$229,750.00","$229,750.00",Leveraged Equities,2025-11-19,1.25%,N/A,$0.00,N/A,N/A,0.00%,0.00,-6.17,3,100.00%,40%,20%,1099,$15.39,$19.83,$17.32,$17.41,44.13,N/A,N/A,N/A,N/A,N/A,N/A,N/A,0.0,N/A,N/A,N/A,N/A,N/A
XCOM,Corgi All Commodities 2x Daily ETF,$430,N/A,N/A,$22.13,2.74%,-3.43%,7.81%,N/A,N/A,N/A,"$288,124.00",$0.00,$0.00,"$288,124.00","$288,124.00","$288,124.00",Leveraged Equities,2026-06-03,0.45%,N/A,$0.00,2020-03-25,$0.02,0.00%,0.00,3.58,2,100.00%,40%,20%,1099,$20.53,$24.52,$22.13,$22.13,45.52,B+,C,A-,A+,A-,B-,N/A,5.03,11.46%,17.00%,1.23,0.00%,0.00%
FBYY,GraniteShares YieldBOOST META ETF,$221,-29.49%,"1,059",$11.05,0.09%,2.13%,-5.27%,N/A,N/A,N/A,"-$118,600.00",$0.00,$0.00,"-$127,700.00","-$127,700.00","-$127,700.00",Leveraged Equities,2025-10-21,1.07%,N/A,$5.75,2026-07-31,$0.06,52.00%,0.00,-1.15,3,100.00%,40%,20%,1099,$10.72,$11.95,$11.05,$11.05,35.11,N/A,N/A,N/A,N/A,N/A,N/A,N/A,0.0,N/A,N/A,N/A,N/A,N/A
